// Auto-generated by scripts/convert.py — do not edit manually.
// TFLite flatbuffer: 16,128 bytes
#include "model_data.h"

alignas(8) const unsigned char g_model_data[] = {
  0x20,   0x00,   0x00,   0x00,   0x54,   0x46,   0x4c,   0x33,   0x00,   0x00,   0x00,   0x00,
  0x14,   0x00,   0x20,   0x00,   0x1c,   0x00,   0x18,   0x00,   0x14,   0x00,   0x10,   0x00,
  0x0c,   0x00,   0x00,   0x00,   0x08,   0x00,   0x04,   0x00,   0x14,   0x00,   0x00,   0x00,
  0x1c,   0x00,   0x00,   0x00,   0x1c,   0x00,   0x00,   0x00,   0x9c,   0x00,   0x00,   0x00,
  0xfc,   0x11,   0x00,   0x00,   0x0c,   0x12,   0x00,   0x00,   0x54,   0x3e,   0x00,   0x00,
  0x03,   0x00,   0x00,   0x00,   0x00,   0x00,   0x00,   0x00,   0x03,   0x00,   0x00,   0x00,
  0x5c,   0x00,   0x00,   0x00,   0x2c,   0x00,   0x00,   0x00,   0x04,   0x00,   0x00,   0x00,
  0xb8,   0xff,   0xff,   0xff,   0x25,   0x00,   0x00,   0x00,   0x04,   0x00,   0x00,   0x00,
  0x13,   0x00,   0x00,   0x00,   0x43,   0x4f,   0x4e,   0x56,   0x45,   0x52,   0x53,   0x49,
  0x4f,   0x4e,   0x5f,   0x4d,   0x45,   0x54,   0x41,   0x44,   0x41,   0x54,   0x41,   0x00,
  0xdc,   0xff,   0xff,   0xff,   0x24,   0x00,   0x00,   0x00,   0x04,   0x00,   0x00,   0x00,
  0x13,   0x00,   0x00,   0x00,   0x6d,   0x69,   0x6e,   0x5f,   0x72,   0x75,   0x6e,   0x74,
  0x69,   0x6d,   0x65,   0x5f,   0x76,   0x65,   0x72,   0x73,   0x69,   0x6f,   0x6e,   0x00,
  0x08,   0x00,   0x0c,   0x00,   0x08,   0x00,   0x04,   0x00,   0x08,   0x00,   0x00,   0x00,
  0x23,   0x00,   0x00,   0x00,   0x04,   0x00,   0x00,   0x00,   0x13,   0x00,   0x00,   0x00,
  0x6d,   0x69,   0x6e,   0x5f,   0x72,   0x75,   0x6e,   0x74,   0x69,   0x6d,   0x65,   0x5f,
  0x76,   0x65,   0x72,   0x73,   0x69,   0x6f,   0x6e,   0x00,   0x26,   0x00,   0x00,   0x00,
  0x5c,   0x11,   0x00,   0x00,   0x54,   0x11,   0x00,   0x00,   0x3c,   0x11,   0x00,   0x00,
  0x1c,   0x11,   0x00,   0x00,   0x8c,   0x10,   0x00,   0x00,   0xfc,   0x0f,   0x00,   0x00,
  0xec,   0x0b,   0x00,   0x00,   0x5c,   0x0b,   0x00,   0x00,   0x2c,   0x0a,   0x00,   0x00,
  0x9c,   0x09,   0x00,   0x00,   0x8c,   0x07,   0x00,   0x00,   0x3c,   0x07,   0x00,   0x00,
  0x9c,   0x06,   0x00,   0x00,   0x4c,   0x06,   0x00,   0x00,   0x3c,   0x05,   0x00,   0x00,
  0xec,   0x04,   0x00,   0x00,   0x4c,   0x04,   0x00,   0x00,   0xfc,   0x03,   0x00,   0x00,
  0xec,   0x02,   0x00,   0x00,   0x9c,   0x02,   0x00,   0x00,   0xfc,   0x01,   0x00,   0x00,
  0xac,   0x01,   0x00,   0x00,   0x0c,   0x01,   0x00,   0x00,   0x04,   0x01,   0x00,   0x00,
  0xfc,   0x00,   0x00,   0x00,   0xf4,   0x00,   0x00,   0x00,   0xec,   0x00,   0x00,   0x00,
  0xe4,   0x00,   0x00,   0x00,   0xdc,   0x00,   0x00,   0x00,   0xd4,   0x00,   0x00,   0x00,
  0xcc,   0x00,   0x00,   0x00,   0xc4,   0x00,   0x00,   0x00,   0xbc,   0x00,   0x00,   0x00,
  0xb4,   0x00,   0x00,   0x00,   0xac,   0x00,   0x00,   0x00,   0x8c,   0x00,   0x00,   0x00,
  0x6c,   0x00,   0x00,   0x00,   0x04,   0x00,   0x00,   0x00,   0x9a,   0xee,   0xff,   0xff,
  0x04,   0x00,   0x00,   0x00,   0x58,   0x00,   0x00,   0x00,   0x0c,   0x00,   0x00,   0x00,
  0x08,   0x00,   0x0e,   0x00,   0x08,   0x00,   0x04,   0x00,   0x08,   0x00,   0x00,   0x00,
  0x10,   0x00,   0x00,   0x00,   0x28,   0x00,   0x00,   0x00,   0x00,   0x00,   0x06,   0x00,
  0x08,   0x00,   0x04,   0x00,   0x06,   0x00,   0x00,   0x00,   0x04,   0x00,   0x00,   0x00,
  0x01,   0x00,   0x00,   0x00,   0xeb,   0x03,   0x00,   0x00,   0x00,   0x00,   0x0a,   0x00,
  0x10,   0x00,   0x0c,   0x00,   0x08,   0x00,   0x04,   0x00,   0x0a,   0x00,   0x00,   0x00,
  0x03,   0x00,   0x00,   0x00,   0x02,   0x00,   0x00,   0x00,   0x04,   0x00,   0x00,   0x00,
  0x06,   0x00,   0x00,   0x00,   0x32,   0x2e,   0x31,   0x36,   0x2e,   0x32,   0x00,   0x00,
  0xfe,   0xee,   0xff,   0xff,   0x04,   0x00,   0x00,   0x00,   0x10,   0x00,   0x00,   0x00,
  0x00,   0x00,   0x00,   0x00,   0x00,   0x00,   0x00,   0x00,   0x00,   0x00,   0x00,   0x00,
  0x00,   0x00,   0x00,   0x00,   0x1a,   0xef,   0xff,   0xff,   0x04,   0x00,   0x00,   0x00,
  0x10,   0x00,   0x00,   0x00,   0x31,   0x2e,   0x31,   0x34,   0x2e,   0x30,   0x00,   0x00,
  0x00,   0x00,   0x00,   0x00,   0x00,   0x00,   0x00,   0x00,   0x2c,   0xc4,   0xff,   0xff,
  0x30,   0xc4,   0xff,   0xff,   0x34,   0xc4,   0xff,   0xff,   0x38,   0xc4,   0xff,   0xff,
  0x3c,   0xc4,   0xff,   0xff,   0x40,   0xc4,   0xff,   0xff,   0x44,   0xc4,   0xff,   0xff,
  0x48,   0xc4,   0xff,   0xff,   0x4c,   0xc4,   0xff,   0xff,   0x50,   0xc4,   0xff,   0xff,
  0x54,   0xc4,   0xff,   0xff,   0x58,   0xc4,   0xff,   0xff,   0x66,   0xef,   0xff,   0xff,
  0x04,   0x00,   0x00,   0x00,   0x90,   0x00,   0x00,   0x00,   0x7f,   0x24,   0xa2,   0x30,
  0x9e,   0x11,   0x12,   0x49,   0xca,   0x0d,   0x0a,   0x28,   0x1f,   0xc3,   0x11,   0x7f,
  0x87,   0x54,   0x2a,   0x6b,   0x81,   0x03,   0xac,   0x81,   0xfd,   0xe0,   0x1c,   0xc2,
  0xe7,   0xbd,   0x13,   0x81,   0x04,   0x07,   0x62,   0x4e,   0x81,   0xcf,   0xd0,   0x26,
  0x56,   0xc3,   0xdf,   0xf4,   0x03,   0x9e,   0xed,   0x34,   0x43,   0x99,   0x7f,   0xf6,
  0xb2,   0x5f,   0xa2,   0xdd,   0xe0,   0x93,   0x2e,   0xcb,   0x81,   0x31,   0xc5,   0x09,
  0xff,   0xcf,   0x75,   0x23,   0x7f,   0x11,   0x0e,   0x01,   0x5d,   0xaa,   0x5a,   0x0e,
  0x5f,   0xdc,   0x7f,   0x45,   0x0c,   0x1d,   0x08,   0x7f,   0xff,   0xf1,   0xf9,   0xb4,
  0x88,   0x55,   0x3f,   0x47,   0x05,   0x51,   0xe0,   0x05,   0x81,   0x9b,   0x0c,   0x22,
  0xf9,   0xde,   0x92,   0x02,   0x7f,   0x6e,   0x98,   0xe6,   0x1f,   0x42,   0xb5,   0xd3,
  0x7f,   0xba,   0xe1,   0x1a,   0xdc,   0xaa,   0x7f,   0xf0,   0xc9,   0xec,   0xaf,   0x9e,
  0x5d,   0x89,   0x93,   0xc1,   0x82,   0xac,   0x6d,   0x48,   0xfe,   0x7f,   0xff,   0x0d,
  0x10,   0xe6,   0xfe,   0xda,   0x1c,   0xd3,   0xc3,   0x81,   0x02,   0xf0,   0xff,   0xff,
  0x04,   0x00,   0x00,   0x00,   0x40,   0x00,   0x00,   0x00,   0x2d,   0xff,   0xff,   0xff,
  0x49,   0xff,   0xff,   0xff,   0xf9,   0xff,   0xff,   0xff,   0x93,   0x00,   0x00,   0x00,
  0x11,   0x00,   0x00,   0x00,   0x57,   0xff,   0xff,   0xff,   0x7f,   0x01,   0x00,   0x00,
  0x4b,   0xff,   0xff,   0xff,   0xc6,   0xff,   0xff,   0xff,   0x7e,   0xff,   0xff,   0xff,
  0xfb,   0xfe,   0xff,   0xff,   0xb0,   0xff,   0xff,   0xff,   0xcb,   0xff,   0xff,   0xff,
  0xda,   0xfe,   0xff,   0xff,   0x38,   0xff,   0xff,   0xff,   0x69,   0xff,   0xff,   0xff,
  0x4e,   0xf0,   0xff,   0xff,   0x04,   0x00,   0x00,   0x00,   0x90,   0x00,   0x00,   0x00,
  0x7f,   0xeb,   0xcc,   0xf6,   0x7f,   0x47,   0x7f,   0xbc,   0x16,   0xaf,   0x24,   0xcf,
  0xd4,   0xcc,   0x84,   0x26,   0xd3,   0x36,   0xc1,   0xb9,   0xd7,   0x52,   0x02,   0xab,
  0x89,   0xc9,   0xf3,   0x15,   0x5e,   0xf1,   0xbf,   0xdf,   0xf5,   0x02,   0x78,   0x10,
  0xc9,   0x2d,   0x10,   0xea,   0xba,   0x81,   0x9d,   0xfd,   0xb9,   0x13,   0xb2,   0xb9,
  0xfd,   0x90,   0x4c,   0xe8,   0xcb,   0x2d,   0x30,   0x5a,   0x01,   0xff,   0x73,   0x58,
  0x81,   0x30,   0x81,   0x1f,   0x3b,   0x20,   0x2b,   0x86,   0xdb,   0xcc,   0x31,   0x1d,
  0xff,   0xfa,   0xda,   0xbc,   0xfb,   0xfb,   0xae,   0xa9,   0x5a,   0xdb,   0x7f,   0x81,
  0x52,   0x0e,   0xda,   0xd1,   0xc0,   0xe3,   0x19,   0x70,   0x3c,   0x5d,   0x0b,   0xa1,
  0x70,   0x81,   0x28,   0x02,   0x04,   0xeb,   0x23,   0x3b,   0x41,   0x11,   0x7f,   0x0b,
  0xed,   0xcd,   0xa2,   0xae,   0x96,   0xec,   0xcf,   0x19,   0x37,   0xd4,   0xcd,   0x90,
  0x81,   0xe9,   0x2e,   0x6a,   0x71,   0xdd,   0x92,   0xf2,   0xf1,   0xad,   0x13,   0x4d,
  0x54,   0x7f,   0x16,   0x81,   0xd9,   0x09,   0x61,   0x81,   0x31,   0x7f,   0x12,   0x81,
  0xea,   0xf0,   0xff,   0xff,   0x04,   0x00,   0x00,   0x00,   0x40,   0x00,   0x00,   0x00,
  0xcb,   0xfc,   0xff,   0xff,   0xff,   0x05,   0x00,   0x00,   0x4e,   0xfb,   0xff,   0xff,
  0x94,   0x04,   0x00,   0x00,   0x0d,   0xfd,   0xff,   0xff,   0x89,   0xfc,   0xff,   0xff,
  0xcf,   0xfc,   0xff,   0xff,   0xbf,   0x03,   0x00,   0x00,   0x20,   0x05,   0x00,   0x00,
  0x46,   0x05,   0x00,   0x00,   0x1e,   0xfc,   0xff,   0xff,   0x43,   0xfe,   0xff,   0xff,
  0x8a,   0xfe,   0xff,   0xff,   0xee,   0xfd,   0xff,   0xff,   0x12,   0x0b,   0x00,   0x00,
  0x40,   0x07,   0x00,   0x00,   0x36,   0xf1,   0xff,   0xff,   0x04,   0x00,   0x00,   0x00,
  0x00,   0x01,   0x00,   0x00,   0xb8,   0xe7,   0xa8,   0x81,   0x8d,   0xa3,   0x11,   0xdd,
  0x34,   0x7b,   0x6d,   0x05,   0x94,   0xdb,   0xfb,   0x13,   0x9e,   0xe6,   0x54,   0x6e,
  0xd5,   0x91,   0x1a,   0xda,   0x8d,   0x13,   0xd3,   0xc5,   0x81,   0xe7,   0xf7,   0xe9,
  0x48,   0xaa,   0xee,   0xd5,   0x24,   0xad,   0xbb,   0x2b,   0x71,   0xad,   0x1d,   0x11,
  0x74,   0x6f,   0x11,   0x81,   0xa5,   0x81,   0xab,   0x15,   0xb6,   0xec,   0x02,   0xf5,
  0xa3,   0xd6,   0x46,   0xa1,   0xad,   0x5e,   0x29,   0x76,   0xc6,   0x89,   0x45,   0xb0,
  0xe8,   0x58,   0x53,   0xe1,   0xa0,   0xd6,   0x7f,   0x6c,   0xf7,   0xec,   0x02,   0x76,
  0xc5,   0x47,   0x1a,   0x49,   0xbe,   0xf8,   0xdf,   0x45,   0x2a,   0x81,   0x62,   0xf4,
  0x33,   0x44,   0xb8,   0xa3,   0x47,   0xc8,   0x5d,   0xea,   0x63,   0xf8,   0x27,   0xb5,
  0xbb,   0x44,   0x00,   0xcd,   0x30,   0x7f,   0x96,   0xee,   0x53,   0xd7,   0xb6,   0x8d,
  0x17,   0x2d,   0x81,   0xb3,   0xfa,   0xe9,   0xc9,   0xb5,   0xe2,   0x85,   0x19,   0x10,
  0x26,   0x81,   0x2a,   0xef,   0x4b,   0x8b,   0xe3,   0x24,   0x9e,   0xc9,   0xcc,   0xd9,
  0x5d,   0x77,   0x74,   0xa2,   0x12,   0x7e,   0xc4,   0xe9,   0xcd,   0x60,   0x81,   0xb2,
  0xca,   0xad,   0xd6,   0x0b,   0x0c,   0xd3,   0x10,   0xde,   0x59,   0x2b,   0xdf,   0x99,
  0x2f,   0xbf,   0x12,   0xd3,   0xc4,   0x7f,   0xab,   0x46,   0xbb,   0x2f,   0x16,   0xeb,
  0x36,   0xb2,   0x51,   0xf0,   0xd5,   0xe9,   0x13,   0x1b,   0xcf,   0x81,   0x40,   0xc4,
  0xe9,   0x12,   0x4f,   0xf0,   0x05,   0xee,   0x73,   0x90,   0xe3,   0xf0,   0x7f,   0x29,
  0x53,   0x70,   0x7d,   0xd7,   0x61,   0x64,   0x93,   0x39,   0xec,   0x1b,   0x62,   0x23,
  0x59,   0x7f,   0xf2,   0xb2,   0x3d,   0xef,   0xde,   0xb4,   0x25,   0x5b,   0x27,   0x2a,
  0x1d,   0x09,   0xd6,   0xb9,   0xd4,   0x3f,   0x01,   0x05,   0x35,   0x26,   0xef,   0x7f,
  0xd1,   0x3d,   0x47,   0x0a,   0x8f,   0xae,   0xaf,   0x67,   0x0b,   0xc3,   0xca,   0xad,
  0x67,   0x5c,   0x81,   0x10,   0x42,   0x46,   0x56,   0x66,   0x42,   0xf2,   0xff,   0xff,
  0x04,   0x00,   0x00,   0x00,   0x40,   0x00,   0x00,   0x00,   0xf9,   0x03,   0x00,   0x00,
  0xa9,   0x05,   0x00,   0x00,   0x46,   0x00,   0x00,   0x00,   0x70,   0x04,   0x00,   0x00,
  0x0e,   0xff,   0xff,   0xff,   0x94,   0x00,   0x00,   0x00,   0x6c,   0xfe,   0xff,   0xff,
  0x90,   0x06,   0x00,   0x00,   0xa0,   0x02,   0x00,   0x00,   0x93,   0x03,   0x00,   0x00,
  0x69,   0xff,   0xff,   0xff,   0x70,   0x01,   0x00,   0x00,   0xf3,   0xf8,   0xff,   0xff,
  0x24,   0xfb,   0xff,   0xff,   0xa2,   0xfc,   0xff,   0xff,   0x3b,   0xff,   0xff,   0xff,
  0x8e,   0xf2,   0xff,   0xff,   0x04,   0x00,   0x00,   0x00,   0x90,   0x00,   0x00,   0x00,
  0x28,   0x39,   0x70,   0x21,   0xd2,   0x0d,   0x0d,   0x43,   0x81,   0x81,   0x4c,   0x38,
  0x81,   0xeb,   0xc5,   0xa2,   0xca,   0x30,   0xdd,   0x54,   0xe4,   0x17,   0xca,   0x23,
  0xa5,   0x9d,   0x15,   0x70,   0x08,   0xea,   0x61,   0x96,   0x65,   0x57,   0x04,   0xdf,
  0xa2,   0x81,   0x48,   0x3d,   0xf5,   0x87,   0x25,   0xcd,   0xbb,   0xa8,   0xe7,   0xd6,
  0x04,   0xf3,   0x7f,   0x32,   0xa5,   0xbb,   0x20,   0xed,   0x05,   0xe8,   0x30,   0x7f,
  0xc3,   0x16,   0x7f,   0x81,   0x17,   0x3d,   0x31,   0xe6,   0x18,   0xe9,   0xf6,   0xf0,
  0xbd,   0xd8,   0xfe,   0xd8,   0xf4,   0xea,   0xa7,   0x91,   0x62,   0x0f,   0xe1,   0x7f,
  0x3b,   0xe0,   0x7f,   0xf2,   0xa4,   0x01,   0xf5,   0x5e,   0x59,   0xbc,   0xd2,   0xca,
  0x7f,   0x55,   0xeb,   0x1e,   0x7f,   0xb3,   0xdf,   0x4b,   0xbe,   0xb4,   0x0e,   0xf8,
  0x5e,   0x26,   0xac,   0xfb,   0x25,   0x39,   0x13,   0x5a,   0x4e,   0xd1,   0xdb,   0x37,
  0xce,   0x03,   0x7f,   0x52,   0x90,   0xdc,   0xf7,   0x31,   0xe3,   0x7f,   0xaa,   0x71,
  0xd1,   0x81,   0x79,   0x7f,   0xb0,   0xf2,   0x01,   0xec,   0x85,   0x81,   0x6a,   0x28,
  0x2a,   0xf3,   0xff,   0xff,   0x04,   0x00,   0x00,   0x00,   0x40,   0x00,   0x00,   0x00,
  0xa4,   0xfa,   0xff,   0xff,   0x8f,   0xf7,   0xff,   0xff,   0x0c,   0xfe,   0xff,   0xff,
  0x57,   0xf9,   0xff,   0xff,   0x8e,   0x00,   0x00,   0x00,   0x8d,   0x0a,   0x00,   0x00,
  0x63,   0xfc,   0xff,   0xff,   0xe8,   0xf9,   0xff,   0xff,   0xba,   0x08,   0x00,   0x00,
  0x19,   0x0a,   0x00,   0x00,   0x7b,   0xfa,   0xff,   0xff,   0x1f,   0xfa,   0xff,   0xff,
  0xaf,   0x03,   0x00,   0x00,   0xf3,   0x06,   0x00,   0x00,   0xd5,   0xff,   0xff,   0xff,
  0x6f,   0x07,   0x00,   0x00,   0x76,   0xf3,   0xff,   0xff,   0x04,   0x00,   0x00,   0x00,
  0x00,   0x01,   0x00,   0x00,   0xfd,   0x55,   0xff,   0xf6,   0xc7,   0x2e,   0xe3,   0x92,
  0x2b,   0xd2,   0xe7,   0xb1,   0x16,   0x2e,   0x81,   0x15,   0x14,   0x3b,   0xca,   0x83,
  0xf6,   0xb4,   0xde,   0x81,   0x21,   0x93,   0xc8,   0xd9,   0xbc,   0x20,   0x24,   0xc8,
  0x20,   0x1f,   0x35,   0xff,   0xc5,   0x0b,   0xce,   0x1a,   0x9f,   0x9d,   0x10,   0x11,
  0x0b,   0x7f,   0x23,   0xcf,   0xe5,   0x08,   0xa8,   0xde,   0x6b,   0x7f,   0x90,   0x9f,
  0x63,   0x84,   0x7d,   0xa8,   0x24,   0xab,   0xfe,   0x07,   0xb3,   0x2f,   0x9d,   0x81,
  0x43,   0xab,   0x50,   0x90,   0x2e,   0xec,   0x10,   0xad,   0x1d,   0x71,   0x20,   0x03,
  0xc0,   0x89,   0xf2,   0xa3,   0xa6,   0x30,   0xbc,   0x66,   0x7f,   0x53,   0x2e,   0x58,
  0xe8,   0x9f,   0x7f,   0xf2,   0x36,   0x7f,   0x38,   0xa8,   0x28,   0x4f,   0x02,   0xd0,
  0xec,   0x6e,   0x4e,   0x30,   0x5a,   0xfd,   0xa4,   0x6b,   0x2e,   0xce,   0x31,   0x47,
  0x2f,   0xaa,   0xeb,   0x98,   0x52,   0x7f,   0x0c,   0xb1,   0x88,   0x14,   0xa9,   0x15,
  0x1a,   0xf4,   0xd9,   0xd9,   0xca,   0xed,   0xb0,   0x6b,   0x00,   0x7f,   0xca,   0xce,
  0xf2,   0x64,   0x42,   0x58,   0x5a,   0x3d,   0x41,   0xfc,   0xff,   0xa5,   0xce,   0xbd,
  0x81,   0xb8,   0x99,   0xe5,   0x56,   0xca,   0xab,   0x32,   0xe6,   0x31,   0xee,   0x30,
  0x84,   0x7f,   0x10,   0x10,   0x20,   0x1f,   0xa6,   0xd5,   0xb5,   0x5b,   0xd4,   0x98,
  0x6a,   0x19,   0x42,   0x51,   0xdb,   0x22,   0xec,   0xe6,   0xb1,   0x19,   0xee,   0x7f,
  0xee,   0xaf,   0x15,   0xa8,   0xbe,   0xa9,   0xb5,   0x1d,   0x57,   0xba,   0x6a,   0x7f,
  0xcc,   0xc4,   0x07,   0x58,   0xea,   0x90,   0xd0,   0xb3,   0x0e,   0xcd,   0xb6,   0x11,
  0xf8,   0x06,   0xb7,   0x16,   0x59,   0x7f,   0xeb,   0xee,   0x13,   0x18,   0x16,   0x4a,
  0x5e,   0x3c,   0x07,   0x0e,   0xc3,   0x81,   0xf9,   0x2d,   0xce,   0x74,   0x85,   0xb6,
  0x45,   0xd6,   0x84,   0x55,   0x7e,   0x4a,   0xd8,   0xa7,   0x7f,   0xbc,   0x0a,   0x5e,
  0xdf,   0x64,   0x12,   0x55,   0x4f,   0xa8,   0x28,   0xcc,   0x82,   0xf4,   0xff,   0xff,
  0x04,   0x00,   0x00,   0x00,   0x40,   0x00,   0x00,   0x00,   0xdf,   0x03,   0x00,   0x00,
  0xe3,   0x0a,   0x00,   0x00,   0xf8,   0xff,   0xff,   0xff,   0xa9,   0x02,   0x00,   0x00,
  0xec,   0x04,   0x00,   0x00,   0x19,   0x00,   0x00,   0x00,   0x51,   0xf5,   0xff,   0xff,
  0x12,   0x00,   0x00,   0x00,   0x6e,   0xf9,   0xff,   0xff,   0x31,   0x07,   0x00,   0x00,
  0x29,   0x00,   0x00,   0x00,   0xc5,   0xfd,   0xff,   0xff,   0xa8,   0x04,   0x00,   0x00,
  0xe0,   0xfc,   0xff,   0xff,   0x54,   0x00,   0x00,   0x00,   0xda,   0xf9,   0xff,   0xff,
  0xce,   0xf4,   0xff,   0xff,   0x04,   0x00,   0x00,   0x00,   0x90,   0x00,   0x00,   0x00,
  0x0e,   0x8d,   0xfe,   0xbc,   0x7e,   0x97,   0xf3,   0x98,   0xd7,   0xd9,   0x9f,   0xa0,
  0xaf,   0x7f,   0x5a,   0xa1,   0xfc,   0xbe,   0x88,   0xd1,   0x23,   0x04,   0xba,   0x81,
  0xf9,   0x21,   0xc3,   0x2e,   0xd8,   0x3a,   0x14,   0x7f,   0x90,   0xab,   0xa5,   0x17,
  0x6e,   0x81,   0xcb,   0xf6,   0x3e,   0xd2,   0xc4,   0x77,   0xe5,   0x42,   0x61,   0xaa,
  0xc9,   0xef,   0xcd,   0x95,   0xfa,   0xdb,   0x22,   0xc8,   0x81,   0x34,   0x00,   0x55,
  0xbb,   0x0e,   0x03,   0x58,   0xa6,   0x3b,   0xcb,   0x59,   0xcc,   0x4d,   0xf6,   0xcc,
  0xcb,   0x04,   0xc0,   0x64,   0x77,   0xa9,   0xea,   0x2a,   0x81,   0xd9,   0x0c,   0xfa,
  0xf2,   0xb1,   0x44,   0xe3,   0x20,   0xcc,   0xaf,   0x4a,   0x7f,   0xda,   0xef,   0xa2,
  0xc0,   0x94,   0x81,   0x81,   0x48,   0xa4,   0x28,   0xbf,   0x1c,   0x98,   0x07,   0x2a,
  0x54,   0x51,   0x6a,   0x72,   0x1f,   0xbe,   0x04,   0x38,   0x3c,   0x06,   0x81,   0xab,
  0x13,   0x86,   0x81,   0x81,   0x32,   0xc8,   0x2c,   0xeb,   0x0e,   0x81,   0xd9,   0xe8,
  0x7f,   0x82,   0x01,   0x12,   0x12,   0x81,   0x8b,   0x13,   0x35,   0x24,   0x7f,   0x68,
  0x6a,   0xf5,   0xff,   0xff,   0x04,   0x00,   0x00,   0x00,   0x40,   0x00,   0x00,   0x00,
  0x42,   0x06,   0x00,   0x00,   0x00,   0x0c,   0x00,   0x00,   0xfb,   0x08,   0x00,   0x00,
  0xb1,   0x01,   0x00,   0x00,   0x45,   0xf8,   0xff,   0xff,   0x82,   0x09,   0x00,   0x00,
  0xf8,   0x00,   0x00,   0x00,   0x43,   0x07,   0x00,   0x00,   0x06,   0x00,   0x00,   0x00,
  0xf9,   0x06,   0x00,   0x00,   0x88,   0x0a,   0x00,   0x00,   0xdc,   0xfc,   0xff,   0xff,
  0xab,   0xfc,   0xff,   0xff,   0x02,   0xfe,   0xff,   0xff,   0x0a,   0xfa,   0xff,   0xff,
  0x65,   0xfd,   0xff,   0xff,   0xb6,   0xf5,   0xff,   0xff,   0x04,   0x00,   0x00,   0x00,
  0x00,   0x02,   0x00,   0x00,   0xfd,   0x27,   0x3e,   0xe5,   0xfe,   0xdf,   0x19,   0x81,
  0x5a,   0xcd,   0x58,   0x51,   0x3d,   0x64,   0x4e,   0xd9,   0x20,   0xce,   0xae,   0x26,
  0xe4,   0x5e,   0xb4,   0x37,   0xe9,   0xc0,   0xef,   0xce,   0x03,   0x81,   0xb4,   0xc6,
  0x19,   0xc6,   0xfe,   0x4e,   0x11,   0x5c,   0x02,   0xcf,   0x5d,   0x46,   0x7f,   0x77,
  0xb7,   0x0a,   0x7f,   0xbd,   0x07,   0x72,   0x53,   0x7f,   0x49,   0x5f,   0xc6,   0xa9,
  0xc8,   0xda,   0xab,   0x39,   0x37,   0x21,   0x87,   0xb1,   0xc4,   0xd3,   0x16,   0x03,
  0x33,   0xf2,   0x2f,   0xd1,   0x39,   0x1c,   0xfc,   0x81,   0x3d,   0xfa,   0x30,   0x0c,
  0xfe,   0x81,   0xc9,   0x06,   0x69,   0xde,   0xb3,   0xf0,   0xf0,   0xb3,   0x0e,   0xef,
  0xa4,   0xe4,   0x14,   0xca,   0x3e,   0xb2,   0x7f,   0xd8,   0x53,   0xac,   0xd6,   0xe2,
  0x02,   0xd3,   0x23,   0xb6,   0x50,   0x33,   0xb8,   0x3a,   0x09,   0x64,   0xd1,   0x81,
  0xd9,   0xf7,   0xe8,   0xec,   0xc2,   0x3b,   0xa2,   0xc5,   0x01,   0x1c,   0x1e,   0x09,
  0x4e,   0x2e,   0x42,   0xfb,   0x0e,   0x81,   0x9f,   0xb7,   0xb7,   0xdb,   0xbb,   0xe1,
  0x02,   0x48,   0x54,   0xa4,   0x20,   0x1c,   0x1f,   0x7f,   0x94,   0xe4,   0x1c,   0x00,
  0xad,   0x2b,   0x73,   0x0b,   0xef,   0xc4,   0x2a,   0x37,   0xdf,   0xe0,   0x33,   0x6a,
  0x7f,   0xfe,   0xb6,   0x18,   0xbe,   0xd4,   0x7b,   0x94,   0x35,   0xe0,   0x24,   0xca,
  0x4f,   0x7f,   0x6c,   0x97,   0xf0,   0x52,   0x31,   0x45,   0x23,   0x42,   0xce,   0xae,
  0x28,   0x0c,   0x97,   0x2c,   0x5a,   0xcc,   0x7f,   0x16,   0x47,   0x97,   0x17,   0x33,
  0x47,   0x35,   0x57,   0x16,   0x52,   0x39,   0x3c,   0x1c,   0xad,   0x93,   0x2b,   0x1d,
  0xa7,   0x74,   0x7f,   0x2e,   0x5d,   0x52,   0xc8,   0x08,   0x9e,   0x6a,   0x2b,   0xec,
  0x81,   0x41,   0x68,   0xf6,   0x05,   0x63,   0xc7,   0xb2,   0x2f,   0xd2,   0xfa,   0xf0,
  0x0b,   0x1f,   0x5b,   0xb7,   0x37,   0x45,   0x23,   0xac,   0xae,   0xbc,   0x62,   0x7f,
  0xe0,   0x63,   0x71,   0x16,   0x2f,   0x2d,   0x2c,   0x33,   0x31,   0x7f,   0x60,   0x93,
  0x02,   0x97,   0xdf,   0x38,   0x42,   0x54,   0x64,   0x08,   0xba,   0x6c,   0xa8,   0xfb,
  0xef,   0x1d,   0xc0,   0x14,   0xff,   0x1f,   0x26,   0xa6,   0xa1,   0x12,   0x4d,   0xe1,
  0x5a,   0x62,   0x81,   0x5d,   0xe7,   0xd9,   0x20,   0x21,   0xd6,   0x60,   0xf6,   0x53,
  0x0e,   0x88,   0x7d,   0x2b,   0xf7,   0xae,   0x81,   0x97,   0x04,   0xc4,   0xcc,   0xf8,
  0x58,   0xfc,   0xb2,   0xfe,   0x13,   0xef,   0xc7,   0xe1,   0xf9,   0x81,   0xd7,   0x43,
  0xb1,   0x93,   0x2c,   0xe9,   0x15,   0xe3,   0x98,   0x26,   0xd8,   0x81,   0x0e,   0x1f,
  0x1b,   0xd0,   0x5e,   0xef,   0xef,   0xdd,   0x41,   0x35,   0x7c,   0xd2,   0xbf,   0x3a,
  0x59,   0x43,   0x28,   0x7f,   0xeb,   0x16,   0x3b,   0xe6,   0x49,   0xac,   0x55,   0x07,
  0x64,   0xe6,   0xef,   0x33,   0x7f,   0x34,   0x02,   0xbb,   0x34,   0x31,   0x59,   0x55,
  0x93,   0x5b,   0xaf,   0x0d,   0xd1,   0x6a,   0x65,   0x81,   0xba,   0x59,   0xb6,   0xed,
  0x1f,   0x25,   0x7e,   0x9b,   0x23,   0x4e,   0x0b,   0xf9,   0x31,   0x6b,   0x17,   0x81,
  0xb0,   0x43,   0xf0,   0x1c,   0x67,   0x17,   0x3d,   0x98,   0x7f,   0xd5,   0x6b,   0xbe,
  0x32,   0xb5,   0x84,   0x25,   0xeb,   0x21,   0xda,   0xb8,   0x62,   0x37,   0x89,   0x60,
  0x81,   0x5f,   0x0c,   0x20,   0xca,   0x5a,   0x41,   0xce,   0xfa,   0x42,   0x52,   0x3e,
  0x24,   0xf0,   0x58,   0x0a,   0x34,   0xc1,   0x5b,   0xf9,   0x52,   0x41,   0xf2,   0x1e,
  0xb9,   0x22,   0x35,   0x81,   0x0e,   0x49,   0x55,   0x10,   0x00,   0xff,   0x36,   0x0b,
  0xd5,   0x3c,   0xf2,   0x89,   0x34,   0xd4,   0x36,   0x48,   0xab,   0x7f,   0x57,   0x55,
  0x28,   0x3a,   0xc5,   0xe6,   0xa7,   0x81,   0xfc,   0x37,   0xf1,   0xe0,   0x11,   0xf8,
  0x24,   0x63,   0x2c,   0x58,   0x0e,   0xeb,   0xd9,   0x13,   0xef,   0x7f,   0xba,   0x0d,
  0x09,   0xa4,   0x59,   0xee,   0xd8,   0xd4,   0xb0,   0xaf,   0xfa,   0x3a,   0xf5,   0xf3,
  0x4e,   0x81,   0x20,   0x12,   0x40,   0x53,   0x5b,   0xb8,   0x13,   0x3a,   0x28,   0x31,
  0xc2,   0xf7,   0xff,   0xff,   0x04,   0x00,   0x00,   0x00,   0x80,   0x00,   0x00,   0x00,
  0x26,   0xfc,   0xff,   0xff,   0xd4,   0x05,   0x00,   0x00,   0x07,   0xf9,   0xff,   0xff,
  0x7c,   0xfc,   0xff,   0xff,   0x97,   0x00,   0x00,   0x00,   0x7e,   0x05,   0x00,   0x00,
  0xd2,   0x00,   0x00,   0x00,   0x6a,   0x02,   0x00,   0x00,   0xef,   0x00,   0x00,   0x00,
  0xc1,   0xfc,   0xff,   0xff,   0x46,   0xfd,   0xff,   0xff,   0x79,   0xfa,   0xff,   0xff,
  0xa4,   0xf8,   0xff,   0xff,   0x8a,   0xfb,   0xff,   0xff,   0x9f,   0xfd,   0xff,   0xff,
  0x02,   0xf8,   0xff,   0xff,   0x02,   0xfb,   0xff,   0xff,   0xdf,   0xfd,   0xff,   0xff,
  0x09,   0x03,   0x00,   0x00,   0xfe,   0x04,   0x00,   0x00,   0xde,   0x04,   0x00,   0x00,
  0xe5,   0xf9,   0xff,   0xff,   0x70,   0xfa,   0xff,   0xff,   0xdb,   0xfd,   0xff,   0xff,
  0x90,   0xfa,   0xff,   0xff,   0xdb,   0xff,   0xff,   0xff,   0xe7,   0xf9,   0xff,   0xff,
  0xc2,   0xfa,   0xff,   0xff,   0x31,   0xfc,   0xff,   0xff,   0xb9,   0xfe,   0xff,   0xff,
  0xca,   0x02,   0x00,   0x00,   0x88,   0xfb,   0xff,   0xff,   0x4e,   0xf8,   0xff,   0xff,
  0x04,   0x00,   0x00,   0x00,   0x20,   0x01,   0x00,   0x00,   0x83,   0xb6,   0xfa,   0xfb,
  0x7f,   0xf9,   0xfe,   0x91,   0x81,   0xfc,   0xee,   0xc4,   0xa1,   0x03,   0x59,   0xf5,
  0x64,   0x2d,   0x5a,   0xa3,   0xc5,   0xb7,   0x3e,   0x7f,   0x03,   0x81,   0xf6,   0x61,
  0x81,   0x97,   0x5a,   0x07,   0xac,   0x93,   0xff,   0xc8,   0x50,   0xa7,   0x95,   0xd8,
  0xc4,   0xfd,   0xf8,   0x20,   0x2f,   0x0d,   0x34,   0xa7,   0x66,   0xf4,   0x45,   0xa4,
  0xc4,   0xe3,   0x77,   0x2e,   0xd5,   0x8c,   0xf9,   0x51,   0xca,   0x81,   0x6a,   0x7d,
  0xa0,   0xa5,   0x95,   0x97,   0x53,   0xb5,   0xc9,   0xa1,   0xc2,   0x00,   0xc7,   0xb3,
  0xcd,   0xf0,   0x61,   0x2c,   0x42,   0x81,   0x4e,   0x12,   0xb4,   0x07,   0x13,   0x6f,
  0xf7,   0xa0,   0x2b,   0x45,   0xb2,   0xff,   0x79,   0x11,   0x8b,   0xf2,   0x9a,   0xf1,
  0x69,   0xee,   0xad,   0xe9,   0xa4,   0xff,   0xe5,   0xa6,   0xe1,   0x81,   0x6c,   0x88,
  0x71,   0x37,   0x76,   0x81,   0xd6,   0x04,   0x7f,   0x6e,   0xde,   0xb7,   0x14,   0x7f,
  0xe4,   0x83,   0x77,   0x37,   0xe0,   0xee,   0x04,   0xbf,   0x4d,   0x85,   0x81,   0x87,
  0xca,   0xf6,   0xdd,   0xe6,   0x81,   0x00,   0x53,   0x9a,   0x7c,   0x89,   0x59,   0xa3,
  0xd2,   0xf0,   0x62,   0x65,   0x97,   0x0c,   0x93,   0x70,   0xbd,   0xc3,   0x66,   0x49,
  0x8f,   0xd4,   0x81,   0xe9,   0x68,   0x83,   0x8e,   0x9f,   0xcc,   0xf2,   0xfd,   0xb4,
  0xcd,   0x08,   0x7f,   0x42,   0x5b,   0x8c,   0x6e,   0x0d,   0x81,   0xf0,   0x49,   0x60,
  0x81,   0x94,   0xb7,   0x49,   0xb6,   0xf2,   0x7f,   0x7f,   0x81,   0x81,   0x01,   0xc4,
  0x47,   0xb0,   0xe0,   0xf4,   0x9d,   0xef,   0x9f,   0x81,   0xc1,   0x0c,   0x64,   0xf9,
  0x57,   0xc1,   0x67,   0xe8,   0x9b,   0x81,   0x5c,   0x5f,   0xec,   0xc7,   0x18,   0x2f,
  0xa3,   0xb1,   0x6a,   0x5a,   0x08,   0xb5,   0xca,   0x81,   0x43,   0x95,   0xf4,   0xa6,
  0xc3,   0xf6,   0x24,   0xca,   0x3c,   0x05,   0x33,   0x81,   0x63,   0x26,   0x63,   0x0b,
  0x8e,   0xfa,   0x50,   0x53,   0xdf,   0xb6,   0x00,   0x67,   0xfc,   0xe5,   0x5f,   0x38,
  0x9c,   0x11,   0xdb,   0xd0,   0x66,   0x81,   0x87,   0x81,   0xbf,   0x81,   0x81,   0xa8,
  0x82,   0xff,   0x74,   0x08,   0x7f,   0xb7,   0x7f,   0xcf,   0xdd,   0xc0,   0x58,   0x54,
  0xac,   0xcf,   0x81,   0x70,   0xac,   0x01,   0x73,   0x21,   0x7a,   0xf9,   0xff,   0xff,
  0x04,   0x00,   0x00,   0x00,   0x80,   0x00,   0x00,   0x00,   0x91,   0x14,   0x00,   0x00,
  0x4a,   0x0b,   0x00,   0x00,   0xaf,   0x05,   0x00,   0x00,   0xaa,   0x06,   0x00,   0x00,
  0x66,   0xf3,   0xff,   0xff,   0xf4,   0x0f,   0x00,   0x00,   0xfb,   0x0c,   0x00,   0x00,
  0x1c,   0x10,   0x00,   0x00,   0x3a,   0x11,   0x00,   0x00,   0xc5,   0x01,   0x00,   0x00,
  0x1f,   0x04,   0x00,   0x00,   0xb8,   0x0d,   0x00,   0x00,   0xb7,   0x07,   0x00,   0x00,
  0xee,   0xff,   0xff,   0xff,   0x37,   0xf2,   0xff,   0xff,   0x67,   0x02,   0x00,   0x00,
  0xeb,   0xed,   0xff,   0xff,   0xd5,   0x01,   0x00,   0x00,   0x00,   0xee,   0xff,   0xff,
  0x7c,   0x07,   0x00,   0x00,   0x80,   0x11,   0x00,   0x00,   0x0a,   0x03,   0x00,   0x00,
  0xb4,   0xf1,   0xff,   0xff,   0x53,   0xf4,   0xff,   0xff,   0xcf,   0x06,   0x00,   0x00,
  0xdf,   0x0d,   0x00,   0x00,   0x06,   0x01,   0x00,   0x00,   0x8a,   0xf1,   0xff,   0xff,
  0x79,   0x0c,   0x00,   0x00,   0x4e,   0x0a,   0x00,   0x00,   0x3e,   0xee,   0xff,   0xff,
  0x35,   0xf4,   0xff,   0xff,   0x06,   0xfa,   0xff,   0xff,   0x04,   0x00,   0x00,   0x00,
  0x00,   0x04,   0x00,   0x00,   0x58,   0xb6,   0x2d,   0xd4,   0xe1,   0xc0,   0x45,   0x0a,
  0x13,   0x20,   0xe3,   0x2c,   0xec,   0xf0,   0xeb,   0x1c,   0x03,   0xc8,   0x4f,   0xee,
  0x2d,   0x34,   0x1e,   0x17,   0x14,   0xec,   0xdb,   0xeb,   0x7f,   0xc2,   0xe0,   0xe7,
  0xaa,   0x51,   0x65,   0xa9,   0x1c,   0xec,   0x25,   0xf7,   0x8c,   0xf0,   0xe4,   0xd5,
  0xdb,   0x4f,   0xc5,   0x87,   0x32,   0x56,   0xaa,   0x3a,   0x73,   0x07,   0x8e,   0xa8,
  0xaa,   0x48,   0x9b,   0x02,   0x81,   0xd3,   0x4f,   0xaf,   0xa7,   0x35,   0xfa,   0x59,
  0x0e,   0xe8,   0x6b,   0xd4,   0xd7,   0xd5,   0xfd,   0xd5,   0xec,   0xe8,   0x3d,   0xc9,
  0xc3,   0xed,   0x28,   0x1d,   0x81,   0xd1,   0xb3,   0x66,   0xce,   0x3f,   0x40,   0xfb,
  0xdb,   0xe3,   0xc9,   0x43,   0xbe,   0x05,   0xac,   0x01,   0xd2,   0x64,   0x2e,   0xc4,
  0xb1,   0xf1,   0x48,   0x64,   0x41,   0xd9,   0x7f,   0x31,   0x15,   0xe7,   0xf8,   0x10,
  0x9d,   0xa7,   0x1f,   0x44,   0x43,   0x31,   0x2e,   0x27,   0x39,   0xc4,   0xe5,   0xc1,
  0x00,   0xee,   0x07,   0xf9,   0x7f,   0x20,   0x1f,   0x35,   0x42,   0x04,   0xe2,   0x02,
  0xf0,   0x22,   0xd5,   0xea,   0xda,   0xfb,   0x10,   0x30,   0x5b,   0x2d,   0x60,   0xe0,
  0x0b,   0x1d,   0xe5,   0x70,   0xcc,   0xca,   0xf2,   0x13,   0xe6,   0xd3,   0xc7,   0x2f,
  0xb4,   0xac,   0x54,   0x1f,   0x71,   0x3f,   0xcf,   0x18,   0x3a,   0xd0,   0xd2,   0xea,
  0xe6,   0xb1,   0x7f,   0x06,   0xc4,   0x34,   0x18,   0xf0,   0xd1,   0x66,   0xd5,   0x25,
  0x5a,   0xe8,   0x04,   0x1c,   0xf9,   0x1f,   0x25,   0xef,   0xf2,   0xf4,   0xfb,   0x5b,
  0x6f,   0xf8,   0xcf,   0x35,   0x53,   0xd5,   0x29,   0x00,   0x14,   0xe1,   0x3a,   0xe6,
  0xf5,   0xfc,   0x2d,   0xe9,   0xfd,   0x29,   0xde,   0xdd,   0x58,   0xd1,   0x7f,   0x23,
  0xcf,   0xe9,   0xe6,   0x27,   0x65,   0xd8,   0x0f,   0x32,   0x4d,   0x01,   0xce,   0x3d,
  0x01,   0x22,   0xd3,   0xc3,   0xdc,   0xe6,   0x7f,   0x16,   0xd7,   0x22,   0xe6,   0x07,
  0xb6,   0x0d,   0x0c,   0xff,   0x43,   0x2f,   0x0e,   0x5b,   0x5c,   0xb9,   0x3b,   0x21,
  0xe1,   0xe0,   0xa9,   0x39,   0x4c,   0xd4,   0x29,   0x2d,   0xfe,   0xea,   0xee,   0xbb,
  0x06,   0x0e,   0x14,   0xb2,   0x9c,   0xdc,   0xca,   0x06,   0x58,   0x3e,   0xfd,   0x4c,
  0x7f,   0x31,   0x5b,   0xff,   0x36,   0x0b,   0x59,   0x25,   0x1c,   0xf8,   0x7f,   0xa7,
  0xd2,   0xae,   0x39,   0x1c,   0x74,   0x4a,   0xee,   0xd9,   0xdb,   0xbf,   0xf6,   0x1b,
  0xb0,   0x45,   0xf2,   0x4e,   0xd6,   0xc3,   0x43,   0xb9,   0xd4,   0x9a,   0xd8,   0xeb,
  0x3c,   0x49,   0x27,   0x37,   0xd1,   0xf9,   0xaa,   0x81,   0xee,   0x14,   0x16,   0xa9,
  0x9b,   0xcc,   0x26,   0x2a,   0x51,   0x42,   0xf0,   0x27,   0x26,   0xeb,   0xdd,   0xaf,
  0x0e,   0xfd,   0x2d,   0xdd,   0xda,   0x91,   0xfd,   0xc7,   0x3d,   0xfe,   0x24,   0xc6,
  0x7f,   0xd1,   0x01,   0x54,   0x62,   0xab,   0xa6,   0x59,   0xbb,   0xbb,   0x25,   0x32,
  0x3f,   0xf1,   0xea,   0x2c,   0x1b,   0x1d,   0x1f,   0x0c,   0x2e,   0xc9,   0x3b,   0x65,
  0xe8,   0x1b,   0x2d,   0xc4,   0xa3,   0x5d,   0x01,   0x36,   0xdd,   0x2a,   0x81,   0x26,
  0xc0,   0xed,   0x27,   0x8c,   0x1c,   0xc1,   0xf9,   0x50,   0x73,   0xc7,   0xfb,   0x00,
  0x70,   0x2a,   0xd0,   0xbf,   0xed,   0x27,   0xd2,   0x3f,   0x3d,   0x00,   0xef,   0x2e,
  0xd4,   0x1c,   0x50,   0x3c,   0xe4,   0x0d,   0xc1,   0xf5,   0xd2,   0xf7,   0x4b,   0xa2,
  0x81,   0x00,   0x14,   0x31,   0x7e,   0xb9,   0xd9,   0x23,   0xe0,   0x1f,   0xe7,   0xd6,
  0xe7,   0x93,   0x40,   0xdd,   0x33,   0xda,   0x06,   0x54,   0x0c,   0x2e,   0xd5,   0x1d,
  0xe0,   0x5f,   0x81,   0xb5,   0x24,   0x5c,   0xfc,   0xc1,   0xd0,   0xdd,   0x31,   0x1a,
  0x74,   0x5c,   0xa4,   0xd6,   0x38,   0xc7,   0xcf,   0xbc,   0x6f,   0xc6,   0xfe,   0x05,
  0x8e,   0xde,   0x58,   0x36,   0xab,   0x46,   0xc9,   0x44,   0x81,   0x4e,   0x28,   0xba,
  0xcf,   0x53,   0xff,   0xa1,   0xb5,   0xc9,   0x00,   0x21,   0x62,   0xf4,   0xfa,   0x61,
  0x23,   0xbe,   0x2f,   0xb9,   0x56,   0xa9,   0xef,   0x16,   0xf8,   0x5c,   0x29,   0x2a,
  0xf8,   0xf8,   0x1a,   0x2a,   0x60,   0xf1,   0x01,   0x4b,   0xb9,   0xbc,   0x3c,   0xa1,
  0x34,   0xe9,   0x3b,   0xea,   0xc3,   0x7e,   0x1c,   0x33,   0xce,   0x9d,   0x21,   0x99,
  0xd8,   0x05,   0x20,   0x66,   0xbe,   0x47,   0xaa,   0x7f,   0x1d,   0x07,   0xc1,   0x41,
  0xe3,   0xf9,   0x4e,   0x22,   0xc5,   0x05,   0x46,   0xeb,   0x33,   0xd2,   0x47,   0xe3,
  0xe1,   0xde,   0xe8,   0xca,   0xcb,   0xfe,   0xce,   0x7f,   0xfe,   0x5b,   0x46,   0x29,
  0x9d,   0xdf,   0xf3,   0x38,   0xc9,   0xf2,   0xc7,   0x46,   0x10,   0xf5,   0xfa,   0xca,
  0x21,   0xd2,   0x07,   0xf8,   0x21,   0xf9,   0x7f,   0xef,   0x13,   0x3d,   0xf8,   0x13,
  0xc9,   0x37,   0xe2,   0x16,   0xc3,   0x13,   0x0f,   0x22,   0xba,   0xd8,   0x0f,   0xff,
  0x99,   0x2d,   0x84,   0x79,   0x78,   0xae,   0x30,   0xb8,   0xf2,   0x71,   0x16,   0xae,
  0xaa,   0x67,   0x7f,   0xa9,   0xb8,   0xb8,   0xdc,   0x41,   0x94,   0xf9,   0x4b,   0xcf,
  0xf6,   0x28,   0x5f,   0xea,   0x23,   0xea,   0x00,   0x3f,   0x30,   0xdd,   0x14,   0xcd,
  0x09,   0xc0,   0x10,   0x47,   0x04,   0x2d,   0x23,   0x14,   0xd7,   0xe7,   0xca,   0xe5,
  0x18,   0xd2,   0xfc,   0x90,   0x95,   0xac,   0xcf,   0x18,   0x3a,   0x4d,   0xce,   0x2f,
  0x7f,   0x2b,   0x2d,   0x47,   0x67,   0x56,   0xf7,   0x40,   0xa1,   0xe9,   0xb0,   0xba,
  0xe4,   0xf5,   0x13,   0x81,   0xf9,   0xe0,   0x00,   0x31,   0x10,   0x34,   0xdd,   0xea,
  0x59,   0x4d,   0xc2,   0xec,   0x2f,   0xcf,   0xe5,   0x2e,   0xf3,   0x09,   0xd5,   0x10,
  0xb9,   0xfd,   0xf2,   0xfa,   0xed,   0x1d,   0xd4,   0xe3,   0x12,   0xde,   0x1f,   0x68,
  0x0c,   0x2f,   0x21,   0xbe,   0xc1,   0xfb,   0xde,   0x17,   0xff,   0x07,   0x1e,   0x7f,
  0xc8,   0x34,   0x29,   0xf2,   0x0a,   0xbd,   0x0f,   0xf6,   0x2f,   0x7f,   0x0c,   0xef,
  0xa9,   0x4c,   0x1f,   0xdb,   0xe9,   0x00,   0xc1,   0x0d,   0xc0,   0x52,   0x43,   0x47,
  0x0a,   0xaa,   0xd7,   0xca,   0xe9,   0xf9,   0x8e,   0x44,   0xe8,   0x3e,   0xc5,   0x2a,
  0x3c,   0x94,   0x11,   0x31,   0x20,   0xd7,   0xe6,   0xf9,   0x3d,   0xd5,   0x0a,   0x2a,
  0x1b,   0xc2,   0xf6,   0x6a,   0x12,   0x04,   0x14,   0x07,   0x40,   0xc1,   0x76,   0x09,
  0x15,   0xa8,   0xf8,   0xfe,   0x24,   0xf5,   0x15,   0xca,   0x65,   0x23,   0x7f,   0xd1,
  0x4d,   0xe4,   0x4c,   0x42,   0xaa,   0xa1,   0x7a,   0x69,   0xd9,   0xae,   0x67,   0x7f,
  0xca,   0xc2,   0xd2,   0xe3,   0xc0,   0x12,   0x6d,   0x88,   0xf9,   0x5e,   0xa5,   0x46,
  0x1a,   0x3e,   0xbb,   0x1d,   0x58,   0x6a,   0x7b,   0x51,   0xf5,   0x3a,   0x88,   0x56,
  0x7f,   0x12,   0x3d,   0xb4,   0x31,   0xcd,   0xb7,   0xdf,   0x36,   0x34,   0x23,   0x04,
  0xf2,   0x00,   0x4a,   0xf7,   0xd0,   0xeb,   0xc4,   0x3a,   0x17,   0xe8,   0x1a,   0x58,
  0x9d,   0xe8,   0xd7,   0xd1,   0x16,   0x7f,   0xfc,   0xf3,   0x06,   0x5b,   0x1c,   0xda,
  0xba,   0xed,   0xe8,   0x53,   0x0d,   0xdf,   0x5c,   0x68,   0xcb,   0x3f,   0xf3,   0x20,
  0xb3,   0xd2,   0xfe,   0x55,   0xc7,   0x36,   0x64,   0x62,   0xe4,   0xac,   0x31,   0xc3,
  0x0a,   0xf7,   0x4b,   0x50,   0xfd,   0x70,   0x39,   0x06,   0x81,   0xd4,   0xdf,   0xc4,
  0xf4,   0xd0,   0x13,   0xd5,   0x26,   0x3e,   0x0c,   0xd4,   0x71,   0xda,   0xae,   0xe0,
  0x42,   0x87,   0x06,   0x35,   0x4a,   0xec,   0x0f,   0xfb,   0xb1,   0xcf,   0x91,   0x29,
  0x02,   0xb1,   0x10,   0x07,   0x03,   0x38,   0xb1,   0xfc,   0xc0,   0x67,   0x7f,   0xe3,
  0xd0,   0x2e,   0xdb,   0x0a,   0x35,   0x40,   0x4d,   0x7a,   0x1f,   0xb8,   0x04,   0x60,
  0x16,   0x2d,   0xf3,   0xdb,   0x72,   0x81,   0x08,   0x5d,   0x0a,   0xd9,   0x51,   0x1b,
  0x74,   0x32,   0x68,   0x36,   0xd1,   0xc5,   0x06,   0xa7,   0xdd,   0x9c,   0x3a,   0xef,
  0xaf,   0xed,   0x23,   0xce,   0x4f,   0x0e,   0xaf,   0x12,   0x1b,   0x12,   0x43,   0xf5,
  0x29,   0xb4,   0x57,   0xb2,   0x99,   0x7f,   0x4b,   0xb4,   0xa1,   0x11,   0x2e,   0x29,
  0x39,   0xbf,   0xe3,   0xce,   0x71,   0xfb,   0xb0,   0x61,   0x1a,   0xf2,   0xf3,   0x91,
  0x0f,   0xa4,   0x4f,   0xf3,   0x5a,   0xd3,   0x9c,   0x19,   0x12,   0xfe,   0xff,   0xff,
  0x04,   0x00,   0x00,   0x00,   0x80,   0x00,   0x00,   0x00,   0xda,   0xfc,   0xff,   0xff,
  0x54,   0x0b,   0x00,   0x00,   0x45,   0x07,   0x00,   0x00,   0xd5,   0xfc,   0xff,   0xff,
  0xf0,   0xf5,   0xff,   0xff,   0x95,   0xfd,   0xff,   0xff,   0x19,   0xf2,   0xff,   0xff,
  0x11,   0xfa,   0xff,   0xff,   0x41,   0xfa,   0xff,   0xff,   0x60,   0x04,   0x00,   0x00,
  0x56,   0x09,   0x00,   0x00,   0x5c,   0xf2,   0xff,   0xff,   0xf5,   0xff,   0xff,   0xff,
  0x12,   0x08,   0x00,   0x00,   0x28,   0x03,   0x00,   0x00,   0x26,   0x02,   0x00,   0x00,
  0x27,   0x01,   0x00,   0x00,   0x69,   0xfe,   0xff,   0xff,   0x92,   0x03,   0x00,   0x00,
  0x63,   0x07,   0x00,   0x00,   0x33,   0xfe,   0xff,   0xff,   0xb1,   0x05,   0x00,   0x00,
  0xdf,   0xff,   0xff,   0xff,   0xbf,   0xfc,   0xff,   0xff,   0x82,   0xf4,   0xff,   0xff,
  0x76,   0xf3,   0xff,   0xff,   0x94,   0xff,   0xff,   0xff,   0x7d,   0xf8,   0xff,   0xff,
  0x64,   0xfe,   0xff,   0xff,   0x81,   0x01,   0x00,   0x00,   0x4a,   0xf7,   0xff,   0xff,
  0xab,   0x05,   0x00,   0x00,   0x9e,   0xfe,   0xff,   0xff,   0x04,   0x00,   0x00,   0x00,
  0x80,   0x00,   0x00,   0x00,   0xa3,   0xd4,   0x01,   0xd2,   0x0b,   0xb6,   0xfe,   0x1e,
  0xbe,   0xa1,   0xfb,   0x69,   0x45,   0x3a,   0x58,   0x30,   0x5e,   0xaf,   0x2d,   0x5b,
  0xe0,   0xda,   0xf2,   0xee,   0xd1,   0xc5,   0x09,   0x08,   0x18,   0x3d,   0xbc,   0xe1,
  0x0c,   0xff,   0x1b,   0x48,   0xb2,   0xed,   0xbb,   0xb5,   0xaf,   0x50,   0x43,   0x9b,
  0x32,   0x3e,   0x58,   0x49,   0xcb,   0xc3,   0x22,   0xdd,   0xa1,   0x1f,   0x34,   0x52,
  0xd7,   0x01,   0xc2,   0x00,   0x5c,   0xcf,   0xef,   0x29,   0xd8,   0xe0,   0x61,   0x71,
  0xbd,   0x21,   0x14,   0x11,   0x0a,   0x51,   0xd9,   0x3b,   0x92,   0x81,   0xd0,   0xc6,
  0xd1,   0x2f,   0x51,   0x37,   0xba,   0x99,   0x5c,   0x39,   0x28,   0x13,   0x4a,   0x54,
  0x9a,   0x45,   0xf1,   0xa0,   0x5a,   0xce,   0xd5,   0x8c,   0xd5,   0x60,   0x50,   0x4d,
  0x60,   0x3f,   0x02,   0x1d,   0xce,   0xaf,   0xe2,   0xea,   0xa6,   0xc7,   0xd7,   0xa4,
  0x3e,   0xe6,   0xe2,   0xee,   0x52,   0x42,   0xcf,   0x9d,   0x17,   0x83,   0x0c,   0xfa,
  0x2a,   0xff,   0xff,   0xff,   0x04,   0x00,   0x00,   0x00,   0x10,   0x00,   0x00,   0x00,
  0xd5,   0x00,   0x00,   0x00,   0x59,   0x00,   0x00,   0x00,   0x3e,   0xfb,   0xff,   0xff,
  0x3c,   0x03,   0x00,   0x00,   0x46,   0xff,   0xff,   0xff,   0x04,   0x00,   0x00,   0x00,
  0x08,   0x00,   0x00,   0x00,   0x01,   0x00,   0x00,   0x00,   0x02,   0x00,   0x00,   0x00,
  0x50,   0xd4,   0xff,   0xff,   0x54,   0xd4,   0xff,   0xff,   0x0f,   0x00,   0x00,   0x00,
  0x4d,   0x4c,   0x49,   0x52,   0x20,   0x43,   0x6f,   0x6e,   0x76,   0x65,   0x72,   0x74,
  0x65,   0x64,   0x2e,   0x00,   0x01,   0x00,   0x00,   0x00,   0x14,   0x00,   0x00,   0x00,
  0x00,   0x00,   0x0e,   0x00,   0x18,   0x00,   0x14,   0x00,   0x10,   0x00,   0x0c,   0x00,
  0x08,   0x00,   0x04,   0x00,   0x0e,   0x00,   0x00,   0x00,   0x14,   0x00,   0x00,   0x00,
  0x1c,   0x00,   0x00,   0x00,   0x8c,   0x03,   0x00,   0x00,   0x90,   0x03,   0x00,   0x00,
  0x94,   0x03,   0x00,   0x00,   0x04,   0x00,   0x00,   0x00,   0x6d,   0x61,   0x69,   0x6e,
  0x00,   0x00,   0x00,   0x00,   0x0c,   0x00,   0x00,   0x00,   0x28,   0x03,   0x00,   0x00,
  0xc0,   0x02,   0x00,   0x00,   0x60,   0x02,   0x00,   0x00,   0x18,   0x02,   0x00,   0x00,
  0xc4,   0x01,   0x00,   0x00,   0x7c,   0x01,   0x00,   0x00,   0x38,   0x01,   0x00,   0x00,
  0xf0,   0x00,   0x00,   0x00,   0xac,   0x00,   0x00,   0x00,   0x78,   0x00,   0x00,   0x00,
  0x40,   0x00,   0x00,   0x00,   0x04,   0x00,   0x00,   0x00,   0x7a,   0xfd,   0xff,   0xff,
  0x1c,   0x00,   0x00,   0x00,   0x00,   0x00,   0x00,   0x09,   0x1c,   0x00,   0x00,   0x00,
  0x20,   0x00,   0x00,   0x00,   0x04,   0x00,   0x00,   0x00,   0x00,   0x00,   0x06,   0x00,
  0x08,   0x00,   0x04,   0x00,   0x06,   0x00,   0x00,   0x00,   0x00,   0x00,   0x80,   0x3f,
  0x01,   0x00,   0x00,   0x00,   0x21,   0x00,   0x00,   0x00,   0x01,   0x00,   0x00,   0x00,
  0x20,   0x00,   0x00,   0x00,   0x52,   0xfe,   0xff,   0xff,   0x14,   0x00,   0x00,   0x00,
  0x00,   0x00,   0x00,   0x08,   0x10,   0x00,   0x00,   0x00,   0x14,   0x00,   0x00,   0x00,
  0x03,   0x00,   0x00,   0x00,   0x2c,   0xd5,   0xff,   0xff,   0x01,   0x00,   0x00,   0x00,
  0x20,   0x00,   0x00,   0x00,   0x03,   0x00,   0x00,   0x00,   0x1f,   0x00,   0x00,   0x00,
  0x03,   0x00,   0x00,   0x00,   0x02,   0x00,   0x00,   0x00,   0x86,   0xfe,   0xff,   0xff,
  0x14,   0x00,   0x00,   0x00,   0x00,   0x00,   0x00,   0x1b,   0x10,   0x00,   0x00,   0x00,
  0x14,   0x00,   0x00,   0x00,   0x02,   0x00,   0x00,   0x00,   0x60,   0xd5,   0xff,   0xff,
  0x01,   0x00,   0x00,   0x00,   0x1f,   0x00,   0x00,   0x00,   0x02,   0x00,   0x00,   0x00,
  0x1e,   0x00,   0x00,   0x00,   0x01,   0x00,   0x00,   0x00,   0xb2,   0xfd,   0xff,   0xff,
  0x10,   0x00,   0x00,   0x00,   0x00,   0x00,   0x00,   0x01,   0x1c,   0x00,   0x00,   0x00,
  0x20,   0x00,   0x00,   0x00,   0x64,   0xfe,   0xff,   0xff,   0x00,   0x00,   0x00,   0x01,
  0x01,   0x00,   0x00,   0x00,   0x01,   0x00,   0x00,   0x00,   0x00,   0x00,   0x00,   0x01,
  0x01,   0x00,   0x00,   0x00,   0x1e,   0x00,   0x00,   0x00,   0x03,   0x00,   0x00,   0x00,
  0x1d,   0x00,   0x00,   0x00,   0x05,   0x00,   0x00,   0x00,   0x04,   0x00,   0x00,   0x00,
  0xf6,   0xfe,   0xff,   0xff,   0x14,   0x00,   0x00,   0x00,   0x00,   0x00,   0x00,   0x02,
  0x20,   0x00,   0x00,   0x00,   0x24,   0x00,   0x00,   0x00,   0x01,   0x00,   0x00,   0x00,
  0x46,   0xfe,   0xff,   0xff,   0x00,   0x00,   0x00,   0x01,   0x01,   0x00,   0x00,   0x00,
  0x01,   0x00,   0x00,   0x00,   0x01,   0x00,   0x00,   0x00,   0x01,   0x00,   0x00,   0x00,
  0x1d,   0x00,   0x00,   0x00,   0x03,   0x00,   0x00,   0x00,   0x1c,   0x00,   0x00,   0x00,
  0x07,   0x00,   0x00,   0x00,   0x06,   0x00,   0x00,   0x00,   0x36,   0xfe,   0xff,   0xff,
  0x10,   0x00,   0x00,   0x00,   0x00,   0x00,   0x00,   0x01,   0x1c,   0x00,   0x00,   0x00,
  0x20,   0x00,   0x00,   0x00,   0xe8,   0xfe,   0xff,   0xff,   0x00,   0x00,   0x00,   0x01,
  0x01,   0x00,   0x00,   0x00,   0x01,   0x00,   0x00,   0x00,   0x00,   0x00,   0x00,   0x01,
  0x01,   0x00,   0x00,   0x00,   0x1c,   0x00,   0x00,   0x00,   0x03,   0x00,   0x00,   0x00,
  0x1b,   0x00,   0x00,   0x00,   0x09,   0x00,   0x00,   0x00,   0x08,   0x00,   0x00,   0x00,
  0x7a,   0xff,   0xff,   0xff,   0x14,   0x00,   0x00,   0x00,   0x00,   0x00,   0x00,   0x02,
  0x20,   0x00,   0x00,   0x00,   0x24,   0x00,   0x00,   0x00,   0x01,   0x00,   0x00,   0x00,
  0xca,   0xfe,   0xff,   0xff,   0x00,   0x00,   0x00,   0x01,   0x01,   0x00,   0x00,   0x00,
  0x01,   0x00,   0x00,   0x00,   0x01,   0x00,   0x00,   0x00,   0x01,   0x00,   0x00,   0x00,
  0x1b,   0x00,   0x00,   0x00,   0x03,   0x00,   0x00,   0x00,   0x1a,   0x00,   0x00,   0x00,
  0x0b,   0x00,   0x00,   0x00,   0x0a,   0x00,   0x00,   0x00,   0xba,   0xfe,   0xff,   0xff,
  0x10,   0x00,   0x00,   0x00,   0x00,   0x00,   0x00,   0x01,   0x1c,   0x00,   0x00,   0x00,
  0x20,   0x00,   0x00,   0x00,   0x6c,   0xff,   0xff,   0xff,   0x00,   0x00,   0x00,   0x01,
  0x01,   0x00,   0x00,   0x00,   0x01,   0x00,   0x00,   0x00,   0x00,   0x00,   0x00,   0x01,
  0x01,   0x00,   0x00,   0x00,   0x1a,   0x00,   0x00,   0x00,   0x03,   0x00,   0x00,   0x00,
  0x19,   0x00,   0x00,   0x00,   0x0d,   0x00,   0x00,   0x00,   0x0c,   0x00,   0x00,   0x00,
  0x00,   0x00,   0x0e,   0x00,   0x18,   0x00,   0x14,   0x00,   0x10,   0x00,   0x0c,   0x00,
  0x0b,   0x00,   0x04,   0x00,   0x0e,   0x00,   0x00,   0x00,   0x14,   0x00,   0x00,   0x00,
  0x00,   0x00,   0x00,   0x02,   0x20,   0x00,   0x00,   0x00,   0x24,   0x00,   0x00,   0x00,
  0x01,   0x00,   0x00,   0x00,   0x5e,   0xff,   0xff,   0xff,   0x00,   0x00,   0x00,   0x01,
  0x01,   0x00,   0x00,   0x00,   0x01,   0x00,   0x00,   0x00,   0x01,   0x00,   0x00,   0x00,
  0x01,   0x00,   0x00,   0x00,   0x19,   0x00,   0x00,   0x00,   0x03,   0x00,   0x00,   0x00,
  0x18,   0x00,   0x00,   0x00,   0x0f,   0x00,   0x00,   0x00,   0x0e,   0x00,   0x00,   0x00,
  0x4e,   0xff,   0xff,   0xff,   0x1c,   0x00,   0x00,   0x00,   0x00,   0x00,   0x00,   0x01,
  0x28,   0x00,   0x00,   0x00,   0x2c,   0x00,   0x00,   0x00,   0x0c,   0x00,   0x14,   0x00,
  0x13,   0x00,   0x0c,   0x00,   0x08,   0x00,   0x07,   0x00,   0x0c,   0x00,   0x00,   0x00,
  0x00,   0x00,   0x00,   0x01,   0x01,   0x00,   0x00,   0x00,   0x01,   0x00,   0x00,   0x00,
  0x00,   0x00,   0x00,   0x01,   0x01,   0x00,   0x00,   0x00,   0x18,   0x00,   0x00,   0x00,
  0x03,   0x00,   0x00,   0x00,   0x17,   0x00,   0x00,   0x00,   0x11,   0x00,   0x00,   0x00,
  0x10,   0x00,   0x00,   0x00,   0x00,   0x00,   0x0e,   0x00,   0x1a,   0x00,   0x14,   0x00,
  0x10,   0x00,   0x0c,   0x00,   0x0b,   0x00,   0x04,   0x00,   0x0e,   0x00,   0x00,   0x00,
  0x24,   0x00,   0x00,   0x00,   0x00,   0x00,   0x00,   0x02,   0x30,   0x00,   0x00,   0x00,
  0x34,   0x00,   0x00,   0x00,   0x01,   0x00,   0x00,   0x00,   0x00,   0x00,   0x0e,   0x00,
  0x14,   0x00,   0x00,   0x00,   0x10,   0x00,   0x0c,   0x00,   0x08,   0x00,   0x07,   0x00,
  0x0e,   0x00,   0x00,   0x00,   0x00,   0x00,   0x00,   0x01,   0x01,   0x00,   0x00,   0x00,
  0x01,   0x00,   0x00,   0x00,   0x01,   0x00,   0x00,   0x00,   0x01,   0x00,   0x00,   0x00,
  0x17,   0x00,   0x00,   0x00,   0x03,   0x00,   0x00,   0x00,   0x16,   0x00,   0x00,   0x00,
  0x13,   0x00,   0x00,   0x00,   0x12,   0x00,   0x00,   0x00,   0x00,   0x00,   0x0e,   0x00,
  0x14,   0x00,   0x00,   0x00,   0x10,   0x00,   0x0c,   0x00,   0x0b,   0x00,   0x04,   0x00,
  0x0e,   0x00,   0x00,   0x00,   0x1c,   0x00,   0x00,   0x00,   0x00,   0x00,   0x00,   0x01,
  0x24,   0x00,   0x00,   0x00,   0x28,   0x00,   0x00,   0x00,   0x0c,   0x00,   0x10,   0x00,
  0x00,   0x00,   0x0c,   0x00,   0x08,   0x00,   0x07,   0x00,   0x0c,   0x00,   0x00,   0x00,
  0x00,   0x00,   0x00,   0x01,   0x01,   0x00,   0x00,   0x00,   0x01,   0x00,   0x00,   0x00,
  0x01,   0x00,   0x00,   0x00,   0x16,   0x00,   0x00,   0x00,   0x03,   0x00,   0x00,   0x00,
  0x00,   0x00,   0x00,   0x00,   0x15,   0x00,   0x00,   0x00,   0x14,   0x00,   0x00,   0x00,
  0x01,   0x00,   0x00,   0x00,   0x21,   0x00,   0x00,   0x00,   0x01,   0x00,   0x00,   0x00,
  0x00,   0x00,   0x00,   0x00,   0x22,   0x00,   0x00,   0x00,   0x0c,   0x28,   0x00,   0x00,
  0xb0,   0x27,   0x00,   0x00,   0x38,   0x27,   0x00,   0x00,   0xd4,   0x26,   0x00,   0x00,
  0x00,   0x25,   0x00,   0x00,   0x1c,   0x23,   0x00,   0x00,   0x48,   0x21,   0x00,   0x00,
  0x4c,   0x1f,   0x00,   0x00,   0x60,   0x1d,   0x00,   0x00,   0x7c,   0x1b,   0x00,   0x00,
  0x68,   0x1a,   0x00,   0x00,   0x40,   0x19,   0x00,   0x00,   0x28,   0x18,   0x00,   0x00,
  0x04,   0x17,   0x00,   0x00,   0xf0,   0x15,   0x00,   0x00,   0xc8,   0x14,   0x00,   0x00,
  0xb0,   0x13,   0x00,   0x00,   0x8c,   0x12,   0x00,   0x00,   0x78,   0x11,   0x00,   0x00,
  0x50,   0x10,   0x00,   0x00,   0x38,   0x0f,   0x00,   0x00,   0x14,   0x0e,   0x00,   0x00,
  0xe8,   0x0c,   0x00,   0x00,   0x44,   0x0b,   0x00,   0x00,   0x18,   0x0a,   0x00,   0x00,
  0x74,   0x08,   0x00,   0x00,   0x48,   0x07,   0x00,   0x00,   0xa4,   0x05,   0x00,   0x00,
  0x78,   0x04,   0x00,   0x00,   0xd4,   0x02,   0x00,   0x00,   0xa8,   0x01,   0x00,   0x00,
  0x14,   0x01,   0x00,   0x00,   0x70,   0x00,   0x00,   0x00,   0x04,   0x00,   0x00,   0x00,
  0x92,   0xd8,   0xff,   0xff,   0x00,   0x00,   0x00,   0x01,   0x18,   0x00,   0x00,   0x00,
  0x20,   0x00,   0x00,   0x00,   0x3c,   0x00,   0x00,   0x00,   0x22,   0x00,   0x00,   0x00,
  0x00,   0x00,   0x00,   0x09,   0x40,   0x00,   0x00,   0x00,   0x02,   0x00,   0x00,   0x00,
  0xff,   0xff,   0xff,   0xff,   0x04,   0x00,   0x00,   0x00,   0x74,   0xd8,   0xff,   0xff,
  0x08,   0x00,   0x00,   0x00,   0x10,   0x00,   0x00,   0x00,   0x01,   0x00,   0x00,   0x00,
  0x80,   0xff,   0xff,   0xff,   0xff,   0xff,   0xff,   0xff,   0x01,   0x00,   0x00,   0x00,
  0x00,   0x00,   0x80,   0x3b,   0x08,   0x00,   0x00,   0x00,   0x49,   0x64,   0x65,   0x6e,
  0x74,   0x69,   0x74,   0x79,   0x00,   0x00,   0x00,   0x00,   0x02,   0x00,   0x00,   0x00,
  0x01,   0x00,   0x00,   0x00,   0x04,   0x00,   0x00,   0x00,   0xfa,   0xd8,   0xff,   0xff,
  0x00,   0x00,   0x00,   0x01,   0x18,   0x00,   0x00,   0x00,   0x20,   0x00,   0x00,   0x00,
  0x3c,   0x00,   0x00,   0x00,   0x21,   0x00,   0x00,   0x00,   0x00,   0x00,   0x00,   0x09,
  0x78,   0x00,   0x00,   0x00,   0x02,   0x00,   0x00,   0x00,   0xff,   0xff,   0xff,   0xff,
  0x04,   0x00,   0x00,   0x00,   0xdc,   0xd8,   0xff,   0xff,   0x08,   0x00,   0x00,   0x00,
  0x10,   0x00,   0x00,   0x00,   0x01,   0x00,   0x00,   0x00,   0xf9,   0xff,   0xff,   0xff,
  0xff,   0xff,   0xff,   0xff,   0x01,   0x00,   0x00,   0x00,   0x59,   0x8f,   0x37,   0x3d,
  0x40,   0x00,   0x00,   0x00,   0x64,   0x73,   0x5f,   0x63,   0x6e,   0x6e,   0x5f,   0x61,
  0x30,   0x2e,   0x32,   0x35,   0x5f,   0x31,   0x2f,   0x64,   0x65,   0x6e,   0x73,   0x65,
  0x5f,   0x31,   0x5f,   0x31,   0x2f,   0x4d,   0x61,   0x74,   0x4d,   0x75,   0x6c,   0x3b,
  0x64,   0x73,   0x5f,   0x63,   0x6e,   0x6e,   0x5f,   0x61,   0x30,   0x2e,   0x32,   0x35,
  0x5f,   0x31,   0x2f,   0x64,   0x65,   0x6e,   0x73,   0x65,   0x5f,   0x31,   0x5f,   0x31,
  0x2f,   0x42,   0x69,   0x61,   0x73,   0x41,   0x64,   0x64,   0x00,   0x00,   0x00,   0x00,
  0x02,   0x00,   0x00,   0x00,   0x01,   0x00,   0x00,   0x00,   0x04,   0x00,   0x00,   0x00,
  0x9a,   0xd9,   0xff,   0xff,   0x00,   0x00,   0x00,   0x01,   0x18,   0x00,   0x00,   0x00,
  0x20,   0x00,   0x00,   0x00,   0x3c,   0x00,   0x00,   0x00,   0x20,   0x00,   0x00,   0x00,
  0x00,   0x00,   0x00,   0x09,   0x68,   0x00,   0x00,   0x00,   0x02,   0x00,   0x00,   0x00,
  0xff,   0xff,   0xff,   0xff,   0x20,   0x00,   0x00,   0x00,   0x7c,   0xd9,   0xff,   0xff,
  0x08,   0x00,   0x00,   0x00,   0x10,   0x00,   0x00,   0x00,   0x01,   0x00,   0x00,   0x00,
  0x80,   0xff,   0xff,   0xff,   0xff,   0xff,   0xff,   0xff,   0x01,   0x00,   0x00,   0x00,
  0xd4,   0x2b,   0x04,   0x3c,   0x30,   0x00,   0x00,   0x00,   0x64,   0x73,   0x5f,   0x63,
  0x6e,   0x6e,   0x5f,   0x61,   0x30,   0x2e,   0x32,   0x35,   0x5f,   0x31,   0x2f,   0x67,
  0x6c,   0x6f,   0x62,   0x61,   0x6c,   0x5f,   0x61,   0x76,   0x65,   0x72,   0x61,   0x67,
  0x65,   0x5f,   0x70,   0x6f,   0x6f,   0x6c,   0x69,   0x6e,   0x67,   0x32,   0x64,   0x5f,
  0x31,   0x5f,   0x31,   0x2f,   0x4d,   0x65,   0x61,   0x6e,   0x00,   0x00,   0x00,   0x00,
  0x02,   0x00,   0x00,   0x00,   0x01,   0x00,   0x00,   0x00,   0x20,   0x00,   0x00,   0x00,
  0x2a,   0xda,   0xff,   0xff,   0x00,   0x00,   0x00,   0x01,   0x18,   0x00,   0x00,   0x00,
  0x28,   0x00,   0x00,   0x00,   0x48,   0x00,   0x00,   0x00,   0x1f,   0x00,   0x00,   0x00,
  0x00,   0x00,   0x00,   0x09,   0xf8,   0x00,   0x00,   0x00,   0x04,   0x00,   0x00,   0x00,
  0xff,   0xff,   0xff,   0xff,   0x78,   0x00,   0x00,   0x00,   0x3d,   0x00,   0x00,   0x00,
  0x20,   0x00,   0x00,   0x00,   0x14,   0xda,   0xff,   0xff,   0x08,   0x00,   0x00,   0x00,
  0x14,   0x00,   0x00,   0x00,   0x01,   0x00,   0x00,   0x00,   0x80,   0xff,   0xff,   0xff,
  0xff,   0xff,   0xff,   0xff,   0x00,   0x00,   0x00,   0x00,   0x01,   0x00,   0x00,   0x00,
  0xd8,   0x0e,   0xa2,   0x3d,   0xb7,   0x00,   0x00,   0x00,   0x64,   0x73,   0x5f,   0x63,
  0x6e,   0x6e,   0x5f,   0x61,   0x30,   0x2e,   0x32,   0x35,   0x5f,   0x31,   0x2f,   0x61,
  0x63,   0x74,   0x69,   0x76,   0x61,   0x74,   0x69,   0x6f,   0x6e,   0x5f,   0x31,   0x37,
  0x5f,   0x31,   0x2f,   0x52,   0x65,   0x6c,   0x75,   0x3b,   0x64,   0x73,   0x5f,   0x63,
  0x6e,   0x6e,   0x5f,   0x61,   0x30,   0x2e,   0x32,   0x35,   0x5f,   0x31,   0x2f,   0x62,
  0x61,   0x74,   0x63,   0x68,   0x5f,   0x6e,   0x6f,   0x72,   0x6d,   0x61,   0x6c,   0x69,
  0x7a,   0x61,   0x74,   0x69,   0x6f,   0x6e,   0x5f,   0x31,   0x37,   0x5f,   0x31,   0x2f,
  0x62,   0x61,   0x74,   0x63,   0x68,   0x6e,   0x6f,   0x72,   0x6d,   0x2f,   0x61,   0x64,
  0x64,   0x5f,   0x31,   0x3b,   0x64,   0x73,   0x5f,   0x63,   0x6e,   0x6e,   0x5f,   0x61,
  0x30,   0x2e,   0x32,   0x35,   0x5f,   0x31,   0x2f,   0x63,   0x6f,   0x6e,   0x76,   0x32,
  0x64,   0x5f,   0x39,   0x5f,   0x31,   0x2f,   0x63,   0x6f,   0x6e,   0x76,   0x6f,   0x6c,
  0x75,   0x74,   0x69,   0x6f,   0x6e,   0x3b,   0x64,   0x73,   0x5f,   0x63,   0x6e,   0x6e,
  0x5f,   0x61,   0x30,   0x2e,   0x32,   0x35,   0x5f,   0x31,   0x2f,   0x62,   0x61,   0x74,
  0x63,   0x68,   0x5f,   0x6e,   0x6f,   0x72,   0x6d,   0x61,   0x6c,   0x69,   0x7a,   0x61,
  0x74,   0x69,   0x6f,   0x6e,   0x5f,   0x31,   0x37,   0x5f,   0x31,   0x2f,   0x62,   0x61,
  0x74,   0x63,   0x68,   0x6e,   0x6f,   0x72,   0x6d,   0x2f,   0x73,   0x75,   0x62,   0x00,
  0x04,   0x00,   0x00,   0x00,   0x01,   0x00,   0x00,   0x00,   0x78,   0x00,   0x00,   0x00,
  0x3d,   0x00,   0x00,   0x00,   0x20,   0x00,   0x00,   0x00,   0x52,   0xdb,   0xff,   0xff,
  0x00,   0x00,   0x00,   0x01,   0x18,   0x00,   0x00,   0x00,   0x28,   0x00,   0x00,   0x00,
  0x48,   0x00,   0x00,   0x00,   0x1e,   0x00,   0x00,   0x00,   0x00,   0x00,   0x00,   0x09,
  0x70,   0x01,   0x00,   0x00,   0x04,   0x00,   0x00,   0x00,   0xff,   0xff,   0xff,   0xff,
  0x78,   0x00,   0x00,   0x00,   0x3d,   0x00,   0x00,   0x00,   0x20,   0x00,   0x00,   0x00,
  0x3c,   0xdb,   0xff,   0xff,   0x08,   0x00,   0x00,   0x00,   0x14,   0x00,   0x00,   0x00,
  0x01,   0x00,   0x00,   0x00,   0x80,   0xff,   0xff,   0xff,   0xff,   0xff,   0xff,   0xff,
  0x00,   0x00,   0x00,   0x00,   0x01,   0x00,   0x00,   0x00,   0xfc,   0x78,   0x88,   0x3d,
  0x2d,   0x01,   0x00,   0x00,   0x64,   0x73,   0x5f,   0x63,   0x6e,   0x6e,   0x5f,   0x61,
  0x30,   0x2e,   0x32,   0x35,   0x5f,   0x31,   0x2f,   0x61,   0x63,   0x74,   0x69,   0x76,
  0x61,   0x74,   0x69,   0x6f,   0x6e,   0x5f,   0x31,   0x36,   0x5f,   0x31,   0x2f,   0x52,
  0x65,   0x6c,   0x75,   0x3b,   0x64,   0x73,   0x5f,   0x63,   0x6e,   0x6e,   0x5f,   0x61,
  0x30,   0x2e,   0x32,   0x35,   0x5f,   0x31,   0x2f,   0x62,   0x61,   0x74,   0x63,   0x68,
  0x5f,   0x6e,   0x6f,   0x72,   0x6d,   0x61,   0x6c,   0x69,   0x7a,   0x61,   0x74,   0x69,
  0x6f,   0x6e,   0x5f,   0x31,   0x36,   0x5f,   0x31,   0x2f,   0x62,   0x61,   0x74,   0x63,
  0x68,   0x6e,   0x6f,   0x72,   0x6d,   0x2f,   0x61,   0x64,   0x64,   0x5f,   0x31,   0x3b,
  0x64,   0x73,   0x5f,   0x63,   0x6e,   0x6e,   0x5f,   0x61,   0x30,   0x2e,   0x32,   0x35,
  0x5f,   0x31,   0x2f,   0x62,   0x61,   0x74,   0x63,   0x68,   0x5f,   0x6e,   0x6f,   0x72,
  0x6d,   0x61,   0x6c,   0x69,   0x7a,   0x61,   0x74,   0x69,   0x6f,   0x6e,   0x5f,   0x31,
  0x36,   0x5f,   0x31,   0x2f,   0x62,   0x61,   0x74,   0x63,   0x68,   0x6e,   0x6f,   0x72,
  0x6d,   0x2f,   0x6d,   0x75,   0x6c,   0x5f,   0x31,   0x3b,   0x64,   0x73,   0x5f,   0x63,
  0x6e,   0x6e,   0x5f,   0x61,   0x30,   0x2e,   0x32,   0x35,   0x5f,   0x31,   0x2f,   0x64,
  0x65,   0x70,   0x74,   0x68,   0x77,   0x69,   0x73,   0x65,   0x5f,   0x63,   0x6f,   0x6e,
  0x76,   0x32,   0x64,   0x5f,   0x37,   0x5f,   0x31,   0x2f,   0x64,   0x65,   0x70,   0x74,
  0x68,   0x77,   0x69,   0x73,   0x65,   0x3b,   0x64,   0x73,   0x5f,   0x63,   0x6e,   0x6e,
  0x5f,   0x61,   0x30,   0x2e,   0x32,   0x35,   0x5f,   0x31,   0x2f,   0x62,   0x61,   0x74,
  0x63,   0x68,   0x5f,   0x6e,   0x6f,   0x72,   0x6d,   0x61,   0x6c,   0x69,   0x7a,   0x61,
  0x74,   0x69,   0x6f,   0x6e,   0x5f,   0x31,   0x36,   0x5f,   0x31,   0x2f,   0x62,   0x61,
  0x74,   0x63,   0x68,   0x6e,   0x6f,   0x72,   0x6d,   0x2f,   0x6d,   0x75,   0x6c,   0x3b,
  0x64,   0x73,   0x5f,   0x63,   0x6e,   0x6e,   0x5f,   0x61,   0x30,   0x2e,   0x32,   0x35,
  0x5f,   0x31,   0x2f,   0x62,   0x61,   0x74,   0x63,   0x68,   0x5f,   0x6e,   0x6f,   0x72,
  0x6d,   0x61,   0x6c,   0x69,   0x7a,   0x61,   0x74,   0x69,   0x6f,   0x6e,   0x5f,   0x31,
  0x36,   0x5f,   0x31,   0x2f,   0x62,   0x61,   0x74,   0x63,   0x68,   0x6e,   0x6f,   0x72,
  0x6d,   0x2f,   0x73,   0x75,   0x62,   0x00,   0x00,   0x00,   0x04,   0x00,   0x00,   0x00,
  0x01,   0x00,   0x00,   0x00,   0x78,   0x00,   0x00,   0x00,   0x3d,   0x00,   0x00,   0x00,
  0x20,   0x00,   0x00,   0x00,   0xf2,   0xdc,   0xff,   0xff,   0x00,   0x00,   0x00,   0x01,
  0x18,   0x00,   0x00,   0x00,   0x28,   0x00,   0x00,   0x00,   0x48,   0x00,   0x00,   0x00,
  0x1d,   0x00,   0x00,   0x00,   0x00,   0x00,   0x00,   0x09,   0xf8,   0x00,   0x00,   0x00,
  0x04,   0x00,   0x00,   0x00,   0xff,   0xff,   0xff,   0xff,   0x78,   0x00,   0x00,   0x00,
  0x3d,   0x00,   0x00,   0x00,   0x20,   0x00,   0x00,   0x00,   0xdc,   0xdc,   0xff,   0xff,
  0x08,   0x00,   0x00,   0x00,   0x14,   0x00,   0x00,   0x00,   0x01,   0x00,   0x00,   0x00,
  0x80,   0xff,   0xff,   0xff,   0xff,   0xff,   0xff,   0xff,   0x00,   0x00,   0x00,   0x00,
  0x01,   0x00,   0x00,   0x00,   0xb2,   0x00,   0x96,   0x3d,   0xb7,   0x00,   0x00,   0x00,
  0x64,   0x73,   0x5f,   0x63,   0x6e,   0x6e,   0x5f,   0x61,   0x30,   0x2e,   0x32,   0x35,
  0x5f,   0x31,   0x2f,   0x61,   0x63,   0x74,   0x69,   0x76,   0x61,   0x74,   0x69,   0x6f,
  0x6e,   0x5f,   0x31,   0x35,   0x5f,   0x31,   0x2f,   0x52,   0x65,   0x6c,   0x75,   0x3b,
  0x64,   0x73,   0x5f,   0x63,   0x6e,   0x6e,   0x5f,   0x61,   0x30,   0x2e,   0x32,   0x35,
  0x5f,   0x31,   0x2f,   0x62,   0x61,   0x74,   0x63,   0x68,   0x5f,   0x6e,   0x6f,   0x72,
  0x6d,   0x61,   0x6c,   0x69,   0x7a,   0x61,   0x74,   0x69,   0x6f,   0x6e,   0x5f,   0x31,
  0x35,   0x5f,   0x31,   0x2f,   0x62,   0x61,   0x74,   0x63,   0x68,   0x6e,   0x6f,   0x72,
  0x6d,   0x2f,   0x61,   0x64,   0x64,   0x5f,   0x31,   0x3b,   0x64,   0x73,   0x5f,   0x63,
  0x6e,   0x6e,   0x5f,   0x61,   0x30,   0x2e,   0x32,   0x35,   0x5f,   0x31,   0x2f,   0x63,
  0x6f,   0x6e,   0x76,   0x32,   0x64,   0x5f,   0x38,   0x5f,   0x31,   0x2f,   0x63,   0x6f,
  0x6e,   0x76,   0x6f,   0x6c,   0x75,   0x74,   0x69,   0x6f,   0x6e,   0x3b,   0x64,   0x73,
  0x5f,   0x63,   0x6e,   0x6e,   0x5f,   0x61,   0x30,   0x2e,   0x32,   0x35,   0x5f,   0x31,
  0x2f,   0x62,   0x61,   0x74,   0x63,   0x68,   0x5f,   0x6e,   0x6f,   0x72,   0x6d,   0x61,
  0x6c,   0x69,   0x7a,   0x61,   0x74,   0x69,   0x6f,   0x6e,   0x5f,   0x31,   0x35,   0x5f,
  0x31,   0x2f,   0x62,   0x61,   0x74,   0x63,   0x68,   0x6e,   0x6f,   0x72,   0x6d,   0x2f,
  0x73,   0x75,   0x62,   0x00,   0x04,   0x00,   0x00,   0x00,   0x01,   0x00,   0x00,   0x00,
  0x78,   0x00,   0x00,   0x00,   0x3d,   0x00,   0x00,   0x00,   0x20,   0x00,   0x00,   0x00,
  0x1a,   0xde,   0xff,   0xff,   0x00,   0x00,   0x00,   0x01,   0x18,   0x00,   0x00,   0x00,
  0x28,   0x00,   0x00,   0x00,   0x48,   0x00,   0x00,   0x00,   0x1c,   0x00,   0x00,   0x00,
  0x00,   0x00,   0x00,   0x09,   0x70,   0x01,   0x00,   0x00,   0x04,   0x00,   0x00,   0x00,
  0xff,   0xff,   0xff,   0xff,   0x78,   0x00,   0x00,   0x00,   0x3d,   0x00,   0x00,   0x00,
  0x10,   0x00,   0x00,   0x00,   0x04,   0xde,   0xff,   0xff,   0x08,   0x00,   0x00,   0x00,
  0x14,   0x00,   0x00,   0x00,   0x01,   0x00,   0x00,   0x00,   0x80,   0xff,   0xff,   0xff,
  0xff,   0xff,   0xff,   0xff,   0x00,   0x00,   0x00,   0x00,   0x01,   0x00,   0x00,   0x00,
  0x21,   0x9f,   0xd9,   0x3d,   0x2d,   0x01,   0x00,   0x00,   0x64,   0x73,   0x5f,   0x63,
  0x6e,   0x6e,   0x5f,   0x61,   0x30,   0x2e,   0x32,   0x35,   0x5f,   0x31,   0x2f,   0x61,
  0x63,   0x74,   0x69,   0x76,   0x61,   0x74,   0x69,   0x6f,   0x6e,   0x5f,   0x31,   0x34,
  0x5f,   0x31,   0x2f,   0x52,   0x65,   0x6c,   0x75,   0x3b,   0x64,   0x73,   0x5f,   0x63,
  0x6e,   0x6e,   0x5f,   0x61,   0x30,   0x2e,   0x32,   0x35,   0x5f,   0x31,   0x2f,   0x62,
  0x61,   0x74,   0x63,   0x68,   0x5f,   0x6e,   0x6f,   0x72,   0x6d,   0x61,   0x6c,   0x69,
  0x7a,   0x61,   0x74,   0x69,   0x6f,   0x6e,   0x5f,   0x31,   0x34,   0x5f,   0x31,   0x2f,
  0x62,   0x61,   0x74,   0x63,   0x68,   0x6e,   0x6f,   0x72,   0x6d,   0x2f,   0x61,   0x64,
  0x64,   0x5f,   0x31,   0x3b,   0x64,   0x73,   0x5f,   0x63,   0x6e,   0x6e,   0x5f,   0x61,
  0x30,   0x2e,   0x32,   0x35,   0x5f,   0x31,   0x2f,   0x62,   0x61,   0x74,   0x63,   0x68,
  0x5f,   0x6e,   0x6f,   0x72,   0x6d,   0x61,   0x6c,   0x69,   0x7a,   0x61,   0x74,   0x69,
  0x6f,   0x6e,   0x5f,   0x31,   0x34,   0x5f,   0x31,   0x2f,   0x62,   0x61,   0x74,   0x63,
  0x68,   0x6e,   0x6f,   0x72,   0x6d,   0x2f,   0x6d,   0x75,   0x6c,   0x5f,   0x31,   0x3b,
  0x64,   0x73,   0x5f,   0x63,   0x6e,   0x6e,   0x5f,   0x61,   0x30,   0x2e,   0x32,   0x35,
  0x5f,   0x31,   0x2f,   0x64,   0x65,   0x70,   0x74,   0x68,   0x77,   0x69,   0x73,   0x65,
  0x5f,   0x63,   0x6f,   0x6e,   0x76,   0x32,   0x64,   0x5f,   0x36,   0x5f,   0x31,   0x2f,
  0x64,   0x65,   0x70,   0x74,   0x68,   0x77,   0x69,   0x73,   0x65,   0x3b,   0x64,   0x73,
  0x5f,   0x63,   0x6e,   0x6e,   0x5f,   0x61,   0x30,   0x2e,   0x32,   0x35,   0x5f,   0x31,
  0x2f,   0x62,   0x61,   0x74,   0x63,   0x68,   0x5f,   0x6e,   0x6f,   0x72,   0x6d,   0x61,
  0x6c,   0x69,   0x7a,   0x61,   0x74,   0x69,   0x6f,   0x6e,   0x5f,   0x31,   0x34,   0x5f,
  0x31,   0x2f,   0x62,   0x61,   0x74,   0x63,   0x68,   0x6e,   0x6f,   0x72,   0x6d,   0x2f,
  0x6d,   0x75,   0x6c,   0x3b,   0x64,   0x73,   0x5f,   0x63,   0x6e,   0x6e,   0x5f,   0x61,
  0x30,   0x2e,   0x32,   0x35,   0x5f,   0x31,   0x2f,   0x62,   0x61,   0x74,   0x63,   0x68,
  0x5f,   0x6e,   0x6f,   0x72,   0x6d,   0x61,   0x6c,   0x69,   0x7a,   0x61,   0x74,   0x69,
  0x6f,   0x6e,   0x5f,   0x31,   0x34,   0x5f,   0x31,   0x2f,   0x62,   0x61,   0x74,   0x63,
  0x68,   0x6e,   0x6f,   0x72,   0x6d,   0x2f,   0x73,   0x75,   0x62,   0x00,   0x00,   0x00,
  0x04,   0x00,   0x00,   0x00,   0x01,   0x00,   0x00,   0x00,   0x78,   0x00,   0x00,   0x00,
  0x3d,   0x00,   0x00,   0x00,   0x10,   0x00,   0x00,   0x00,   0xba,   0xdf,   0xff,   0xff,
  0x00,   0x00,   0x00,   0x01,   0x18,   0x00,   0x00,   0x00,   0x28,   0x00,   0x00,   0x00,
  0x48,   0x00,   0x00,   0x00,   0x1b,   0x00,   0x00,   0x00,   0x00,   0x00,   0x00,   0x09,
  0xf8,   0x00,   0x00,   0x00,   0x04,   0x00,   0x00,   0x00,   0xff,   0xff,   0xff,   0xff,
  0x78,   0x00,   0x00,   0x00,   0x3d,   0x00,   0x00,   0x00,   0x10,   0x00,   0x00,   0x00,
  0xa4,   0xdf,   0xff,   0xff,   0x08,   0x00,   0x00,   0x00,   0x14,   0x00,   0x00,   0x00,
  0x01,   0x00,   0x00,   0x00,   0x80,   0xff,   0xff,   0xff,   0xff,   0xff,   0xff,   0xff,
  0x00,   0x00,   0x00,   0x00,   0x01,   0x00,   0x00,   0x00,   0x86,   0xa7,   0xa2,   0x3d,
  0xb7,   0x00,   0x00,   0x00,   0x64,   0x73,   0x5f,   0x63,   0x6e,   0x6e,   0x5f,   0x61,
  0x30,   0x2e,   0x32,   0x35,   0x5f,   0x31,   0x2f,   0x61,   0x63,   0x74,   0x69,   0x76,
  0x61,   0x74,   0x69,   0x6f,   0x6e,   0x5f,   0x31,   0x33,   0x5f,   0x31,   0x2f,   0x52,
  0x65,   0x6c,   0x75,   0x3b,   0x64,   0x73,   0x5f,   0x63,   0x6e,   0x6e,   0x5f,   0x61,
  0x30,   0x2e,   0x32,   0x35,   0x5f,   0x31,   0x2f,   0x62,   0x61,   0x74,   0x63,   0x68,
  0x5f,   0x6e,   0x6f,   0x72,   0x6d,   0x61,   0x6c,   0x69,   0x7a,   0x61,   0x74,   0x69,
  0x6f,   0x6e,   0x5f,   0x31,   0x33,   0x5f,   0x31,   0x2f,   0x62,   0x61,   0x74,   0x63,
  0x68,   0x6e,   0x6f,   0x72,   0x6d,   0x2f,   0x61,   0x64,   0x64,   0x5f,   0x31,   0x3b,
  0x64,   0x73,   0x5f,   0x63,   0x6e,   0x6e,   0x5f,   0x61,   0x30,   0x2e,   0x32,   0x35,
  0x5f,   0x31,   0x2f,   0x63,   0x6f,   0x6e,   0x76,   0x32,   0x64,   0x5f,   0x37,   0x5f,
  0x31,   0x2f,   0x63,   0x6f,   0x6e,   0x76,   0x6f,   0x6c,   0x75,   0x74,   0x69,   0x6f,
  0x6e,   0x3b,   0x64,   0x73,   0x5f,   0x63,   0x6e,   0x6e,   0x5f,   0x61,   0x30,   0x2e,
  0x32,   0x35,   0x5f,   0x31,   0x2f,   0x62,   0x61,   0x74,   0x63,   0x68,   0x5f,   0x6e,
  0x6f,   0x72,   0x6d,   0x61,   0x6c,   0x69,   0x7a,   0x61,   0x74,   0x69,   0x6f,   0x6e,
  0x5f,   0x31,   0x33,   0x5f,   0x31,   0x2f,   0x62,   0x61,   0x74,   0x63,   0x68,   0x6e,
  0x6f,   0x72,   0x6d,   0x2f,   0x73,   0x75,   0x62,   0x00,   0x04,   0x00,   0x00,   0x00,
  0x01,   0x00,   0x00,   0x00,   0x78,   0x00,   0x00,   0x00,   0x3d,   0x00,   0x00,   0x00,
  0x10,   0x00,   0x00,   0x00,   0xe2,   0xe0,   0xff,   0xff,   0x00,   0x00,   0x00,   0x01,
  0x18,   0x00,   0x00,   0x00,   0x28,   0x00,   0x00,   0x00,   0x48,   0x00,   0x00,   0x00,
  0x1a,   0x00,   0x00,   0x00,   0x00,   0x00,   0x00,   0x09,   0x70,   0x01,   0x00,   0x00,
  0x04,   0x00,   0x00,   0x00,   0xff,   0xff,   0xff,   0xff,   0x78,   0x00,   0x00,   0x00,
  0x3d,   0x00,   0x00,   0x00,   0x10,   0x00,   0x00,   0x00,   0xcc,   0xe0,   0xff,   0xff,
  0x08,   0x00,   0x00,   0x00,   0x14,   0x00,   0x00,   0x00,   0x01,   0x00,   0x00,   0x00,
  0x80,   0xff,   0xff,   0xff,   0xff,   0xff,   0xff,   0xff,   0x00,   0x00,   0x00,   0x00,
  0x01,   0x00,   0x00,   0x00,   0xf9,   0xc5,   0x94,   0x3d,   0x2d,   0x01,   0x00,   0x00,
  0x64,   0x73,   0x5f,   0x63,   0x6e,   0x6e,   0x5f,   0x61,   0x30,   0x2e,   0x32,   0x35,
  0x5f,   0x31,   0x2f,   0x61,   0x63,   0x74,   0x69,   0x76,   0x61,   0x74,   0x69,   0x6f,
  0x6e,   0x5f,   0x31,   0x32,   0x5f,   0x31,   0x2f,   0x52,   0x65,   0x6c,   0x75,   0x3b,
  0x64,   0x73,   0x5f,   0x63,   0x6e,   0x6e,   0x5f,   0x61,   0x30,   0x2e,   0x32,   0x35,
  0x5f,   0x31,   0x2f,   0x62,   0x61,   0x74,   0x63,   0x68,   0x5f,   0x6e,   0x6f,   0x72,
  0x6d,   0x61,   0x6c,   0x69,   0x7a,   0x61,   0x74,   0x69,   0x6f,   0x6e,   0x5f,   0x31,
  0x32,   0x5f,   0x31,   0x2f,   0x62,   0x61,   0x74,   0x63,   0x68,   0x6e,   0x6f,   0x72,
  0x6d,   0x2f,   0x61,   0x64,   0x64,   0x5f,   0x31,   0x3b,   0x64,   0x73,   0x5f,   0x63,
  0x6e,   0x6e,   0x5f,   0x61,   0x30,   0x2e,   0x32,   0x35,   0x5f,   0x31,   0x2f,   0x62,
  0x61,   0x74,   0x63,   0x68,   0x5f,   0x6e,   0x6f,   0x72,   0x6d,   0x61,   0x6c,   0x69,
  0x7a,   0x61,   0x74,   0x69,   0x6f,   0x6e,   0x5f,   0x31,   0x32,   0x5f,   0x31,   0x2f,
  0x62,   0x61,   0x74,   0x63,   0x68,   0x6e,   0x6f,   0x72,   0x6d,   0x2f,   0x6d,   0x75,
  0x6c,   0x5f,   0x31,   0x3b,   0x64,   0x73,   0x5f,   0x63,   0x6e,   0x6e,   0x5f,   0x61,
  0x30,   0x2e,   0x32,   0x35,   0x5f,   0x31,   0x2f,   0x64,   0x65,   0x70,   0x74,   0x68,
  0x77,   0x69,   0x73,   0x65,   0x5f,   0x63,   0x6f,   0x6e,   0x76,   0x32,   0x64,   0x5f,
  0x35,   0x5f,   0x31,   0x2f,   0x64,   0x65,   0x70,   0x74,   0x68,   0x77,   0x69,   0x73,
  0x65,   0x3b,   0x64,   0x73,   0x5f,   0x63,   0x6e,   0x6e,   0x5f,   0x61,   0x30,   0x2e,
  0x32,   0x35,   0x5f,   0x31,   0x2f,   0x62,   0x61,   0x74,   0x63,   0x68,   0x5f,   0x6e,
  0x6f,   0x72,   0x6d,   0x61,   0x6c,   0x69,   0x7a,   0x61,   0x74,   0x69,   0x6f,   0x6e,
  0x5f,   0x31,   0x32,   0x5f,   0x31,   0x2f,   0x62,   0x61,   0x74,   0x63,   0x68,   0x6e,
  0x6f,   0x72,   0x6d,   0x2f,   0x6d,   0x75,   0x6c,   0x3b,   0x64,   0x73,   0x5f,   0x63,
  0x6e,   0x6e,   0x5f,   0x61,   0x30,   0x2e,   0x32,   0x35,   0x5f,   0x31,   0x2f,   0x62,
  0x61,   0x74,   0x63,   0x68,   0x5f,   0x6e,   0x6f,   0x72,   0x6d,   0x61,   0x6c,   0x69,
  0x7a,   0x61,   0x74,   0x69,   0x6f,   0x6e,   0x5f,   0x31,   0x32,   0x5f,   0x31,   0x2f,
  0x62,   0x61,   0x74,   0x63,   0x68,   0x6e,   0x6f,   0x72,   0x6d,   0x2f,   0x73,   0x75,
  0x62,   0x00,   0x00,   0x00,   0x04,   0x00,   0x00,   0x00,   0x01,   0x00,   0x00,   0x00,
  0x78,   0x00,   0x00,   0x00,   0x3d,   0x00,   0x00,   0x00,   0x10,   0x00,   0x00,   0x00,
  0x82,   0xe2,   0xff,   0xff,   0x00,   0x00,   0x00,   0x01,   0x18,   0x00,   0x00,   0x00,
  0x28,   0x00,   0x00,   0x00,   0x48,   0x00,   0x00,   0x00,   0x19,   0x00,   0x00,   0x00,
  0x00,   0x00,   0x00,   0x09,   0xf8,   0x00,   0x00,   0x00,   0x04,   0x00,   0x00,   0x00,
  0xff,   0xff,   0xff,   0xff,   0x78,   0x00,   0x00,   0x00,   0x3d,   0x00,   0x00,   0x00,
  0x10,   0x00,   0x00,   0x00,   0x6c,   0xe2,   0xff,   0xff,   0x08,   0x00,   0x00,   0x00,
  0x14,   0x00,   0x00,   0x00,   0x01,   0x00,   0x00,   0x00,   0x80,   0xff,   0xff,   0xff,
  0xff,   0xff,   0xff,   0xff,   0x00,   0x00,   0x00,   0x00,   0x01,   0x00,   0x00,   0x00,
  0xcb,   0x69,   0x90,   0x3d,   0xb7,   0x00,   0x00,   0x00,   0x64,   0x73,   0x5f,   0x63,
  0x6e,   0x6e,   0x5f,   0x61,   0x30,   0x2e,   0x32,   0x35,   0x5f,   0x31,   0x2f,   0x61,
  0x63,   0x74,   0x69,   0x76,   0x61,   0x74,   0x69,   0x6f,   0x6e,   0x5f,   0x31,   0x31,
  0x5f,   0x31,   0x2f,   0x52,   0x65,   0x6c,   0x75,   0x3b,   0x64,   0x73,   0x5f,   0x63,
  0x6e,   0x6e,   0x5f,   0x61,   0x30,   0x2e,   0x32,   0x35,   0x5f,   0x31,   0x2f,   0x62,
  0x61,   0x74,   0x63,   0x68,   0x5f,   0x6e,   0x6f,   0x72,   0x6d,   0x61,   0x6c,   0x69,
  0x7a,   0x61,   0x74,   0x69,   0x6f,   0x6e,   0x5f,   0x31,   0x31,   0x5f,   0x31,   0x2f,
  0x62,   0x61,   0x74,   0x63,   0x68,   0x6e,   0x6f,   0x72,   0x6d,   0x2f,   0x61,   0x64,
  0x64,   0x5f,   0x31,   0x3b,   0x64,   0x73,   0x5f,   0x63,   0x6e,   0x6e,   0x5f,   0x61,
  0x30,   0x2e,   0x32,   0x35,   0x5f,   0x31,   0x2f,   0x63,   0x6f,   0x6e,   0x76,   0x32,
  0x64,   0x5f,   0x36,   0x5f,   0x31,   0x2f,   0x63,   0x6f,   0x6e,   0x76,   0x6f,   0x6c,
  0x75,   0x74,   0x69,   0x6f,   0x6e,   0x3b,   0x64,   0x73,   0x5f,   0x63,   0x6e,   0x6e,
  0x5f,   0x61,   0x30,   0x2e,   0x32,   0x35,   0x5f,   0x31,   0x2f,   0x62,   0x61,   0x74,
  0x63,   0x68,   0x5f,   0x6e,   0x6f,   0x72,   0x6d,   0x61,   0x6c,   0x69,   0x7a,   0x61,
  0x74,   0x69,   0x6f,   0x6e,   0x5f,   0x31,   0x31,   0x5f,   0x31,   0x2f,   0x62,   0x61,
  0x74,   0x63,   0x68,   0x6e,   0x6f,   0x72,   0x6d,   0x2f,   0x73,   0x75,   0x62,   0x00,
  0x04,   0x00,   0x00,   0x00,   0x01,   0x00,   0x00,   0x00,   0x78,   0x00,   0x00,   0x00,
  0x3d,   0x00,   0x00,   0x00,   0x10,   0x00,   0x00,   0x00,   0xaa,   0xe3,   0xff,   0xff,
  0x00,   0x00,   0x00,   0x01,   0x18,   0x00,   0x00,   0x00,   0x28,   0x00,   0x00,   0x00,
  0x48,   0x00,   0x00,   0x00,   0x18,   0x00,   0x00,   0x00,   0x00,   0x00,   0x00,   0x09,
  0x70,   0x01,   0x00,   0x00,   0x04,   0x00,   0x00,   0x00,   0xff,   0xff,   0xff,   0xff,
  0x78,   0x00,   0x00,   0x00,   0x3d,   0x00,   0x00,   0x00,   0x10,   0x00,   0x00,   0x00,
  0x94,   0xe3,   0xff,   0xff,   0x08,   0x00,   0x00,   0x00,   0x14,   0x00,   0x00,   0x00,
  0x01,   0x00,   0x00,   0x00,   0x80,   0xff,   0xff,   0xff,   0xff,   0xff,   0xff,   0xff,
  0x00,   0x00,   0x00,   0x00,   0x01,   0x00,   0x00,   0x00,   0x53,   0x63,   0xc0,   0x3d,
  0x2d,   0x01,   0x00,   0x00,   0x64,   0x73,   0x5f,   0x63,   0x6e,   0x6e,   0x5f,   0x61,
  0x30,   0x2e,   0x32,   0x35,   0x5f,   0x31,   0x2f,   0x61,   0x63,   0x74,   0x69,   0x76,
  0x61,   0x74,   0x69,   0x6f,   0x6e,   0x5f,   0x31,   0x30,   0x5f,   0x31,   0x2f,   0x52,
  0x65,   0x6c,   0x75,   0x3b,   0x64,   0x73,   0x5f,   0x63,   0x6e,   0x6e,   0x5f,   0x61,
  0x30,   0x2e,   0x32,   0x35,   0x5f,   0x31,   0x2f,   0x62,   0x61,   0x74,   0x63,   0x68,
  0x5f,   0x6e,   0x6f,   0x72,   0x6d,   0x61,   0x6c,   0x69,   0x7a,   0x61,   0x74,   0x69,
  0x6f,   0x6e,   0x5f,   0x31,   0x30,   0x5f,   0x31,   0x2f,   0x62,   0x61,   0x74,   0x63,
  0x68,   0x6e,   0x6f,   0x72,   0x6d,   0x2f,   0x61,   0x64,   0x64,   0x5f,   0x31,   0x3b,
  0x64,   0x73,   0x5f,   0x63,   0x6e,   0x6e,   0x5f,   0x61,   0x30,   0x2e,   0x32,   0x35,
  0x5f,   0x31,   0x2f,   0x62,   0x61,   0x74,   0x63,   0x68,   0x5f,   0x6e,   0x6f,   0x72,
  0x6d,   0x61,   0x6c,   0x69,   0x7a,   0x61,   0x74,   0x69,   0x6f,   0x6e,   0x5f,   0x31,
  0x30,   0x5f,   0x31,   0x2f,   0x62,   0x61,   0x74,   0x63,   0x68,   0x6e,   0x6f,   0x72,
  0x6d,   0x2f,   0x6d,   0x75,   0x6c,   0x5f,   0x31,   0x3b,   0x64,   0x73,   0x5f,   0x63,
  0x6e,   0x6e,   0x5f,   0x61,   0x30,   0x2e,   0x32,   0x35,   0x5f,   0x31,   0x2f,   0x64,
  0x65,   0x70,   0x74,   0x68,   0x77,   0x69,   0x73,   0x65,   0x5f,   0x63,   0x6f,   0x6e,
  0x76,   0x32,   0x64,   0x5f,   0x34,   0x5f,   0x31,   0x2f,   0x64,   0x65,   0x70,   0x74,
  0x68,   0x77,   0x69,   0x73,   0x65,   0x3b,   0x64,   0x73,   0x5f,   0x63,   0x6e,   0x6e,
  0x5f,   0x61,   0x30,   0x2e,   0x32,   0x35,   0x5f,   0x31,   0x2f,   0x62,   0x61,   0x74,
  0x63,   0x68,   0x5f,   0x6e,   0x6f,   0x72,   0x6d,   0x61,   0x6c,   0x69,   0x7a,   0x61,
  0x74,   0x69,   0x6f,   0x6e,   0x5f,   0x31,   0x30,   0x5f,   0x31,   0x2f,   0x62,   0x61,
  0x74,   0x63,   0x68,   0x6e,   0x6f,   0x72,   0x6d,   0x2f,   0x6d,   0x75,   0x6c,   0x3b,
  0x64,   0x73,   0x5f,   0x63,   0x6e,   0x6e,   0x5f,   0x61,   0x30,   0x2e,   0x32,   0x35,
  0x5f,   0x31,   0x2f,   0x62,   0x61,   0x74,   0x63,   0x68,   0x5f,   0x6e,   0x6f,   0x72,
  0x6d,   0x61,   0x6c,   0x69,   0x7a,   0x61,   0x74,   0x69,   0x6f,   0x6e,   0x5f,   0x31,
  0x30,   0x5f,   0x31,   0x2f,   0x62,   0x61,   0x74,   0x63,   0x68,   0x6e,   0x6f,   0x72,
  0x6d,   0x2f,   0x73,   0x75,   0x62,   0x00,   0x00,   0x00,   0x04,   0x00,   0x00,   0x00,
  0x01,   0x00,   0x00,   0x00,   0x78,   0x00,   0x00,   0x00,   0x3d,   0x00,   0x00,   0x00,
  0x10,   0x00,   0x00,   0x00,   0x4a,   0xe5,   0xff,   0xff,   0x00,   0x00,   0x00,   0x01,
  0x18,   0x00,   0x00,   0x00,   0x28,   0x00,   0x00,   0x00,   0x48,   0x00,   0x00,   0x00,
  0x17,   0x00,   0x00,   0x00,   0x00,   0x00,   0x00,   0x09,   0xf8,   0x00,   0x00,   0x00,
  0x04,   0x00,   0x00,   0x00,   0xff,   0xff,   0xff,   0xff,   0x78,   0x00,   0x00,   0x00,
  0x3d,   0x00,   0x00,   0x00,   0x10,   0x00,   0x00,   0x00,   0x34,   0xe5,   0xff,   0xff,
  0x08,   0x00,   0x00,   0x00,   0x14,   0x00,   0x00,   0x00,   0x01,   0x00,   0x00,   0x00,
  0x80,   0xff,   0xff,   0xff,   0xff,   0xff,   0xff,   0xff,   0x00,   0x00,   0x00,   0x00,
  0x01,   0x00,   0x00,   0x00,   0xbe,   0xbb,   0x87,   0x3d,   0xb5,   0x00,   0x00,   0x00,
  0x64,   0x73,   0x5f,   0x63,   0x6e,   0x6e,   0x5f,   0x61,   0x30,   0x2e,   0x32,   0x35,
  0x5f,   0x31,   0x2f,   0x61,   0x63,   0x74,   0x69,   0x76,   0x61,   0x74,   0x69,   0x6f,
  0x6e,   0x5f,   0x39,   0x5f,   0x31,   0x2f,   0x52,   0x65,   0x6c,   0x75,   0x3b,   0x64,
  0x73,   0x5f,   0x63,   0x6e,   0x6e,   0x5f,   0x61,   0x30,   0x2e,   0x32,   0x35,   0x5f,
  0x31,   0x2f,   0x62,   0x61,   0x74,   0x63,   0x68,   0x5f,   0x6e,   0x6f,   0x72,   0x6d,
  0x61,   0x6c,   0x69,   0x7a,   0x61,   0x74,   0x69,   0x6f,   0x6e,   0x5f,   0x39,   0x5f,
  0x31,   0x2f,   0x62,   0x61,   0x74,   0x63,   0x68,   0x6e,   0x6f,   0x72,   0x6d,   0x2f,
  0x61,   0x64,   0x64,   0x5f,   0x31,   0x3b,   0x64,   0x73,   0x5f,   0x63,   0x6e,   0x6e,
  0x5f,   0x61,   0x30,   0x2e,   0x32,   0x35,   0x5f,   0x31,   0x2f,   0x63,   0x6f,   0x6e,
  0x76,   0x32,   0x64,   0x5f,   0x35,   0x5f,   0x31,   0x2f,   0x63,   0x6f,   0x6e,   0x76,
  0x6f,   0x6c,   0x75,   0x74,   0x69,   0x6f,   0x6e,   0x3b,   0x64,   0x73,   0x5f,   0x63,
  0x6e,   0x6e,   0x5f,   0x61,   0x30,   0x2e,   0x32,   0x35,   0x5f,   0x31,   0x2f,   0x62,
  0x61,   0x74,   0x63,   0x68,   0x5f,   0x6e,   0x6f,   0x72,   0x6d,   0x61,   0x6c,   0x69,
  0x7a,   0x61,   0x74,   0x69,   0x6f,   0x6e,   0x5f,   0x39,   0x5f,   0x31,   0x2f,   0x62,
  0x61,   0x74,   0x63,   0x68,   0x6e,   0x6f,   0x72,   0x6d,   0x2f,   0x73,   0x75,   0x62,
  0x31,   0x00,   0x00,   0x00,   0x04,   0x00,   0x00,   0x00,   0x01,   0x00,   0x00,   0x00,
  0x78,   0x00,   0x00,   0x00,   0x3d,   0x00,   0x00,   0x00,   0x10,   0x00,   0x00,   0x00,
  0xca,   0xe6,   0xff,   0xff,   0x00,   0x00,   0x00,   0x01,   0x14,   0x00,   0x00,   0x00,
  0xe8,   0x00,   0x00,   0x00,   0x16,   0x00,   0x00,   0x00,   0x00,   0x00,   0x00,   0x09,
  0xf4,   0x00,   0x00,   0x00,   0x44,   0xe6,   0xff,   0xff,   0x08,   0x00,   0x00,   0x00,
  0x8c,   0x00,   0x00,   0x00,   0x10,   0x00,   0x00,   0x00,   0x00,   0x00,   0x00,   0x00,
  0x00,   0x00,   0x00,   0x00,   0x00,   0x00,   0x00,   0x00,   0x00,   0x00,   0x00,   0x00,
  0x00,   0x00,   0x00,   0x00,   0x00,   0x00,   0x00,   0x00,   0x00,   0x00,   0x00,   0x00,
  0x00,   0x00,   0x00,   0x00,   0x00,   0x00,   0x00,   0x00,   0x00,   0x00,   0x00,   0x00,
  0x00,   0x00,   0x00,   0x00,   0x00,   0x00,   0x00,   0x00,   0x00,   0x00,   0x00,   0x00,
  0x00,   0x00,   0x00,   0x00,   0x00,   0x00,   0x00,   0x00,   0x00,   0x00,   0x00,   0x00,
  0x00,   0x00,   0x00,   0x00,   0x00,   0x00,   0x00,   0x00,   0x00,   0x00,   0x00,   0x00,
  0x00,   0x00,   0x00,   0x00,   0x00,   0x00,   0x00,   0x00,   0x00,   0x00,   0x00,   0x00,
  0x00,   0x00,   0x00,   0x00,   0x00,   0x00,   0x00,   0x00,   0x00,   0x00,   0x00,   0x00,
  0x00,   0x00,   0x00,   0x00,   0x00,   0x00,   0x00,   0x00,   0x00,   0x00,   0x00,   0x00,
  0x00,   0x00,   0x00,   0x00,   0x00,   0x00,   0x00,   0x00,   0x00,   0x00,   0x00,   0x00,
  0x00,   0x00,   0x00,   0x00,   0x00,   0x00,   0x00,   0x00,   0x10,   0x00,   0x00,   0x00,
  0x76,   0x9b,   0xe3,   0x3b,   0xb2,   0xa4,   0xe8,   0x3b,   0x45,   0x43,   0x92,   0x3b,
  0x9d,   0x86,   0xe5,   0x3b,   0xdd,   0xb7,   0xa1,   0x3b,   0x2c,   0xf2,   0x02,   0x3c,
  0x91,   0xbd,   0x2f,   0x3b,   0x5b,   0xef,   0x60,   0x3b,   0xe9,   0x5c,   0x36,   0x3b,
  0x31,   0x88,   0xed,   0x3b,   0xbc,   0x3d,   0xe5,   0x3b,   0x69,   0xe0,   0x6a,   0x3c,
  0xc6,   0xb6,   0x4c,   0x3c,   0xdf,   0xcb,   0x80,   0x3b,   0xc3,   0xdc,   0xbc,   0x3b,
  0x0c,   0x67,   0x88,   0x3b,   0x13,   0x00,   0x00,   0x00,   0x74,   0x66,   0x6c,   0x2e,
  0x70,   0x73,   0x65,   0x75,   0x64,   0x6f,   0x5f,   0x71,   0x63,   0x6f,   0x6e,   0x73,
  0x74,   0x31,   0x39,   0x00,   0x04,   0x00,   0x00,   0x00,   0x10,   0x00,   0x00,   0x00,
  0x03,   0x00,   0x00,   0x00,   0x03,   0x00,   0x00,   0x00,   0x01,   0x00,   0x00,   0x00,
  0xea,   0xe7,   0xff,   0xff,   0x00,   0x00,   0x00,   0x01,   0x14,   0x00,   0x00,   0x00,
  0xe8,   0x00,   0x00,   0x00,   0x15,   0x00,   0x00,   0x00,   0x00,   0x00,   0x00,   0x02,
  0xf4,   0x00,   0x00,   0x00,   0x64,   0xe7,   0xff,   0xff,   0x08,   0x00,   0x00,   0x00,
  0x8c,   0x00,   0x00,   0x00,   0x10,   0x00,   0x00,   0x00,   0x00,   0x00,   0x00,   0x00,
  0x00,   0x00,   0x00,   0x00,   0x00,   0x00,   0x00,   0x00,   0x00,   0x00,   0x00,   0x00,
  0x00,   0x00,   0x00,   0x00,   0x00,   0x00,   0x00,   0x00,   0x00,   0x00,   0x00,   0x00,
  0x00,   0x00,   0x00,   0x00,   0x00,   0x00,   0x00,   0x00,   0x00,   0x00,   0x00,   0x00,
  0x00,   0x00,   0x00,   0x00,   0x00,   0x00,   0x00,   0x00,   0x00,   0x00,   0x00,   0x00,
  0x00,   0x00,   0x00,   0x00,   0x00,   0x00,   0x00,   0x00,   0x00,   0x00,   0x00,   0x00,
  0x00,   0x00,   0x00,   0x00,   0x00,   0x00,   0x00,   0x00,   0x00,   0x00,   0x00,   0x00,
  0x00,   0x00,   0x00,   0x00,   0x00,   0x00,   0x00,   0x00,   0x00,   0x00,   0x00,   0x00,
  0x00,   0x00,   0x00,   0x00,   0x00,   0x00,   0x00,   0x00,   0x00,   0x00,   0x00,   0x00,
  0x00,   0x00,   0x00,   0x00,   0x00,   0x00,   0x00,   0x00,   0x00,   0x00,   0x00,   0x00,
  0x00,   0x00,   0x00,   0x00,   0x00,   0x00,   0x00,   0x00,   0x00,   0x00,   0x00,   0x00,
  0x00,   0x00,   0x00,   0x00,   0x00,   0x00,   0x00,   0x00,   0x10,   0x00,   0x00,   0x00,
  0xba,   0xa7,   0x03,   0x3a,   0x76,   0x91,   0x06,   0x3a,   0xb9,   0x34,   0xa9,   0x39,
  0xd3,   0xc3,   0x04,   0x3a,   0xf6,   0x15,   0xbb,   0x39,   0x8d,   0x7c,   0x17,   0x3a,
  0xc1,   0x4e,   0x4b,   0x39,   0x05,   0x1c,   0x82,   0x39,   0x08,   0xf8,   0x52,   0x39,
  0x5e,   0x65,   0x09,   0x3a,   0xab,   0x99,   0x04,   0x3a,   0x29,   0xdc,   0x87,   0x3a,
  0x71,   0xd3,   0x6c,   0x3a,   0xee,   0xff,   0x94,   0x39,   0xe1,   0x7c,   0xda,   0x39,
  0x8b,   0xcc,   0x9d,   0x39,   0x13,   0x00,   0x00,   0x00,   0x74,   0x66,   0x6c,   0x2e,
  0x70,   0x73,   0x65,   0x75,   0x64,   0x6f,   0x5f,   0x71,   0x63,   0x6f,   0x6e,   0x73,
  0x74,   0x31,   0x38,   0x00,   0x01,   0x00,   0x00,   0x00,   0x10,   0x00,   0x00,   0x00,
  0xfe,   0xe8,   0xff,   0xff,   0x00,   0x00,   0x00,   0x01,   0x14,   0x00,   0x00,   0x00,
  0xec,   0x00,   0x00,   0x00,   0x14,   0x00,   0x00,   0x00,   0x00,   0x00,   0x00,   0x09,
  0xf8,   0x00,   0x00,   0x00,   0x32,   0xf1,   0xff,   0xff,   0x03,   0x00,   0x00,   0x00,
  0x08,   0x00,   0x00,   0x00,   0x8c,   0x00,   0x00,   0x00,   0x10,   0x00,   0x00,   0x00,
  0x00,   0x00,   0x00,   0x00,   0x00,   0x00,   0x00,   0x00,   0x00,   0x00,   0x00,   0x00,
  0x00,   0x00,   0x00,   0x00,   0x00,   0x00,   0x00,   0x00,   0x00,   0x00,   0x00,   0x00,
  0x00,   0x00,   0x00,   0x00,   0x00,   0x00,   0x00,   0x00,   0x00,   0x00,   0x00,   0x00,
  0x00,   0x00,   0x00,   0x00,   0x00,   0x00,   0x00,   0x00,   0x00,   0x00,   0x00,   0x00,
  0x00,   0x00,   0x00,   0x00,   0x00,   0x00,   0x00,   0x00,   0x00,   0x00,   0x00,   0x00,
  0x00,   0x00,   0x00,   0x00,   0x00,   0x00,   0x00,   0x00,   0x00,   0x00,   0x00,   0x00,
  0x00,   0x00,   0x00,   0x00,   0x00,   0x00,   0x00,   0x00,   0x00,   0x00,   0x00,   0x00,
  0x00,   0x00,   0x00,   0x00,   0x00,   0x00,   0x00,   0x00,   0x00,   0x00,   0x00,   0x00,
  0x00,   0x00,   0x00,   0x00,   0x00,   0x00,   0x00,   0x00,   0x00,   0x00,   0x00,   0x00,
  0x00,   0x00,   0x00,   0x00,   0x00,   0x00,   0x00,   0x00,   0x00,   0x00,   0x00,   0x00,
  0x00,   0x00,   0x00,   0x00,   0x00,   0x00,   0x00,   0x00,   0x00,   0x00,   0x00,   0x00,
  0x10,   0x00,   0x00,   0x00,   0xa0,   0xbf,   0xf6,   0x3b,   0x10,   0x11,   0xd3,   0x3b,
  0x5e,   0x83,   0xae,   0x3b,   0xd8,   0x02,   0xba,   0x3b,   0xef,   0x46,   0xf8,   0x3b,
  0x78,   0x22,   0x03,   0x3c,   0x31,   0x70,   0xe1,   0x3b,   0xdf,   0x6f,   0xb6,   0x3b,
  0x8a,   0xee,   0xa1,   0x3b,   0x29,   0xbb,   0x04,   0x3c,   0x12,   0xb5,   0xc7,   0x3b,
  0x9f,   0x4d,   0x02,   0x3c,   0x5b,   0xc8,   0xe9,   0x3b,   0xc8,   0xf2,   0x17,   0x3c,
  0x70,   0xd4,   0x80,   0x3b,   0x36,   0xc4,   0x80,   0x3b,   0x13,   0x00,   0x00,   0x00,
  0x74,   0x66,   0x6c,   0x2e,   0x70,   0x73,   0x65,   0x75,   0x64,   0x6f,   0x5f,   0x71,
  0x63,   0x6f,   0x6e,   0x73,   0x74,   0x31,   0x37,   0x00,   0x04,   0x00,   0x00,   0x00,
  0x01,   0x00,   0x00,   0x00,   0x03,   0x00,   0x00,   0x00,   0x03,   0x00,   0x00,   0x00,
  0x10,   0x00,   0x00,   0x00,   0x22,   0xea,   0xff,   0xff,   0x00,   0x00,   0x00,   0x01,
  0x14,   0x00,   0x00,   0x00,   0xe4,   0x00,   0x00,   0x00,   0x13,   0x00,   0x00,   0x00,
  0x00,   0x00,   0x00,   0x02,   0xf0,   0x00,   0x00,   0x00,   0x9c,   0xe9,   0xff,   0xff,
  0x08,   0x00,   0x00,   0x00,   0x88,   0x00,   0x00,   0x00,   0x10,   0x00,   0x00,   0x00,
  0x00,   0x00,   0x00,   0x00,   0x00,   0x00,   0x00,   0x00,   0x00,   0x00,   0x00,   0x00,
  0x00,   0x00,   0x00,   0x00,   0x00,   0x00,   0x00,   0x00,   0x00,   0x00,   0x00,   0x00,
  0x00,   0x00,   0x00,   0x00,   0x00,   0x00,   0x00,   0x00,   0x00,   0x00,   0x00,   0x00,
  0x00,   0x00,   0x00,   0x00,   0x00,   0x00,   0x00,   0x00,   0x00,   0x00,   0x00,   0x00,
  0x00,   0x00,   0x00,   0x00,   0x00,   0x00,   0x00,   0x00,   0x00,   0x00,   0x00,   0x00,
  0x00,   0x00,   0x00,   0x00,   0x00,   0x00,   0x00,   0x00,   0x00,   0x00,   0x00,   0x00,
  0x00,   0x00,   0x00,   0x00,   0x00,   0x00,   0x00,   0x00,   0x00,   0x00,   0x00,   0x00,
  0x00,   0x00,   0x00,   0x00,   0x00,   0x00,   0x00,   0x00,   0x00,   0x00,   0x00,   0x00,
  0x00,   0x00,   0x00,   0x00,   0x00,   0x00,   0x00,   0x00,   0x00,   0x00,   0x00,   0x00,
  0x00,   0x00,   0x00,   0x00,   0x00,   0x00,   0x00,   0x00,   0x00,   0x00,   0x00,   0x00,
  0x00,   0x00,   0x00,   0x00,   0x00,   0x00,   0x00,   0x00,   0x10,   0x00,   0x00,   0x00,
  0x02,   0xd4,   0x02,   0x3a,   0x93,   0xd1,   0xdf,   0x39,   0x84,   0x0e,   0xb9,   0x39,
  0xd4,   0x3f,   0xc5,   0x39,   0x7c,   0xa3,   0x03,   0x3a,   0xb2,   0x0e,   0x0b,   0x3a,
  0xfc,   0x0e,   0xef,   0x39,   0x93,   0x75,   0xc1,   0x39,   0x18,   0xb7,   0xab,   0x39,
  0x14,   0xc0,   0x0c,   0x3a,   0xe4,   0xc5,   0xd3,   0x39,   0xfd,   0x2c,   0x0a,   0x3a,
  0x36,   0xe8,   0xf7,   0x39,   0xed,   0x20,   0x21,   0x3a,   0x04,   0x9d,   0x88,   0x39,
  0xcf,   0x8b,   0x88,   0x39,   0x13,   0x00,   0x00,   0x00,   0x74,   0x66,   0x6c,   0x2e,
  0x70,   0x73,   0x65,   0x75,   0x64,   0x6f,   0x5f,   0x71,   0x63,   0x6f,   0x6e,   0x73,
  0x74,   0x31,   0x36,   0x00,   0x01,   0x00,   0x00,   0x00,   0x10,   0x00,   0x00,   0x00,
  0x32,   0xeb,   0xff,   0xff,   0x00,   0x00,   0x00,   0x01,   0x14,   0x00,   0x00,   0x00,
  0xe8,   0x00,   0x00,   0x00,   0x12,   0x00,   0x00,   0x00,   0x00,   0x00,   0x00,   0x09,
  0xf4,   0x00,   0x00,   0x00,   0xac,   0xea,   0xff,   0xff,   0x08,   0x00,   0x00,   0x00,
  0x8c,   0x00,   0x00,   0x00,   0x10,   0x00,   0x00,   0x00,   0x00,   0x00,   0x00,   0x00,
  0x00,   0x00,   0x00,   0x00,   0x00,   0x00,   0x00,   0x00,   0x00,   0x00,   0x00,   0x00,
  0x00,   0x00,   0x00,   0x00,   0x00,   0x00,   0x00,   0x00,   0x00,   0x00,   0x00,   0x00,
  0x00,   0x00,   0x00,   0x00,   0x00,   0x00,   0x00,   0x00,   0x00,   0x00,   0x00,   0x00,
  0x00,   0x00,   0x00,   0x00,   0x00,   0x00,   0x00,   0x00,   0x00,   0x00,   0x00,   0x00,
  0x00,   0x00,   0x00,   0x00,   0x00,   0x00,   0x00,   0x00,   0x00,   0x00,   0x00,   0x00,
  0x00,   0x00,   0x00,   0x00,   0x00,   0x00,   0x00,   0x00,   0x00,   0x00,   0x00,   0x00,
  0x00,   0x00,   0x00,   0x00,   0x00,   0x00,   0x00,   0x00,   0x00,   0x00,   0x00,   0x00,
  0x00,   0x00,   0x00,   0x00,   0x00,   0x00,   0x00,   0x00,   0x00,   0x00,   0x00,   0x00,
  0x00,   0x00,   0x00,   0x00,   0x00,   0x00,   0x00,   0x00,   0x00,   0x00,   0x00,   0x00,
  0x00,   0x00,   0x00,   0x00,   0x00,   0x00,   0x00,   0x00,   0x00,   0x00,   0x00,   0x00,
  0x00,   0x00,   0x00,   0x00,   0x00,   0x00,   0x00,   0x00,   0x10,   0x00,   0x00,   0x00,
  0x5b,   0x67,   0x76,   0x3b,   0xff,   0x49,   0xa0,   0x3b,   0x4c,   0x08,   0x98,   0x3b,
  0xbc,   0x3a,   0xba,   0x3b,   0x99,   0xc0,   0x9d,   0x3b,   0x26,   0xb2,   0xf8,   0x3b,
  0x23,   0x8e,   0x7a,   0x3b,   0x52,   0x67,   0x89,   0x3b,   0x66,   0x61,   0x91,   0x3b,
  0x71,   0x86,   0xa5,   0x3b,   0x3f,   0x75,   0xd8,   0x3b,   0xb6,   0xc2,   0xfb,   0x3b,
  0x1f,   0xb2,   0x52,   0x3b,   0xbf,   0xa9,   0x93,   0x3b,   0xfb,   0x92,   0x02,   0x3c,
  0x14,   0x3a,   0xa0,   0x3b,   0x13,   0x00,   0x00,   0x00,   0x74,   0x66,   0x6c,   0x2e,
  0x70,   0x73,   0x65,   0x75,   0x64,   0x6f,   0x5f,   0x71,   0x63,   0x6f,   0x6e,   0x73,
  0x74,   0x31,   0x35,   0x00,   0x04,   0x00,   0x00,   0x00,   0x10,   0x00,   0x00,   0x00,
  0x01,   0x00,   0x00,   0x00,   0x01,   0x00,   0x00,   0x00,   0x10,   0x00,   0x00,   0x00,
  0x52,   0xec,   0xff,   0xff,   0x00,   0x00,   0x00,   0x01,   0x14,   0x00,   0x00,   0x00,
  0xe8,   0x00,   0x00,   0x00,   0x11,   0x00,   0x00,   0x00,   0x00,   0x00,   0x00,   0x02,
  0xf4,   0x00,   0x00,   0x00,   0xcc,   0xeb,   0xff,   0xff,   0x08,   0x00,   0x00,   0x00,
  0x8c,   0x00,   0x00,   0x00,   0x10,   0x00,   0x00,   0x00,   0x00,   0x00,   0x00,   0x00,
  0x00,   0x00,   0x00,   0x00,   0x00,   0x00,   0x00,   0x00,   0x00,   0x00,   0x00,   0x00,
  0x00,   0x00,   0x00,   0x00,   0x00,   0x00,   0x00,   0x00,   0x00,   0x00,   0x00,   0x00,
  0x00,   0x00,   0x00,   0x00,   0x00,   0x00,   0x00,   0x00,   0x00,   0x00,   0x00,   0x00,
  0x00,   0x00,   0x00,   0x00,   0x00,   0x00,   0x00,   0x00,   0x00,   0x00,   0x00,   0x00,
  0x00,   0x00,   0x00,   0x00,   0x00,   0x00,   0x00,   0x00,   0x00,   0x00,   0x00,   0x00,
  0x00,   0x00,   0x00,   0x00,   0x00,   0x00,   0x00,   0x00,   0x00,   0x00,   0x00,   0x00,
  0x00,   0x00,   0x00,   0x00,   0x00,   0x00,   0x00,   0x00,   0x00,   0x00,   0x00,   0x00,
  0x00,   0x00,   0x00,   0x00,   0x00,   0x00,   0x00,   0x00,   0x00,   0x00,   0x00,   0x00,
  0x00,   0x00,   0x00,   0x00,   0x00,   0x00,   0x00,   0x00,   0x00,   0x00,   0x00,   0x00,
  0x00,   0x00,   0x00,   0x00,   0x00,   0x00,   0x00,   0x00,   0x00,   0x00,   0x00,   0x00,
  0x00,   0x00,   0x00,   0x00,   0x00,   0x00,   0x00,   0x00,   0x10,   0x00,   0x00,   0x00,
  0x1e,   0x2d,   0xb9,   0x39,   0x60,   0xeb,   0xf0,   0x39,   0x6b,   0x82,   0xe4,   0x39,
  0x4e,   0xf4,   0x0b,   0x3a,   0x4f,   0x1b,   0xed,   0x39,   0x1a,   0xe6,   0x3a,   0x3a,
  0xd0,   0x4b,   0xbc,   0x39,   0x9a,   0x85,   0xce,   0x39,   0xe9,   0x82,   0xda,   0x39,
  0x1b,   0xca,   0xf8,   0x39,   0xeb,   0xab,   0x22,   0x3a,   0xb6,   0x33,   0x3d,   0x3a,
  0x56,   0x57,   0x9e,   0x39,   0x34,   0xf1,   0xdd,   0x39,   0xcb,   0x41,   0x44,   0x3a,
  0x73,   0xd3,   0xf0,   0x39,   0x13,   0x00,   0x00,   0x00,   0x74,   0x66,   0x6c,   0x2e,
  0x70,   0x73,   0x65,   0x75,   0x64,   0x6f,   0x5f,   0x71,   0x63,   0x6f,   0x6e,   0x73,
  0x74,   0x31,   0x34,   0x00,   0x01,   0x00,   0x00,   0x00,   0x10,   0x00,   0x00,   0x00,
  0x66,   0xed,   0xff,   0xff,   0x00,   0x00,   0x00,   0x01,   0x14,   0x00,   0x00,   0x00,
  0xec,   0x00,   0x00,   0x00,   0x10,   0x00,   0x00,   0x00,   0x00,   0x00,   0x00,   0x09,
  0xf8,   0x00,   0x00,   0x00,   0x9a,   0xf5,   0xff,   0xff,   0x03,   0x00,   0x00,   0x00,
  0x08,   0x00,   0x00,   0x00,   0x8c,   0x00,   0x00,   0x00,   0x10,   0x00,   0x00,   0x00,
  0x00,   0x00,   0x00,   0x00,   0x00,   0x00,   0x00,   0x00,   0x00,   0x00,   0x00,   0x00,
  0x00,   0x00,   0x00,   0x00,   0x00,   0x00,   0x00,   0x00,   0x00,   0x00,   0x00,   0x00,
  0x00,   0x00,   0x00,   0x00,   0x00,   0x00,   0x00,   0x00,   0x00,   0x00,   0x00,   0x00,
  0x00,   0x00,   0x00,   0x00,   0x00,   0x00,   0x00,   0x00,   0x00,   0x00,   0x00,   0x00,
  0x00,   0x00,   0x00,   0x00,   0x00,   0x00,   0x00,   0x00,   0x00,   0x00,   0x00,   0x00,
  0x00,   0x00,   0x00,   0x00,   0x00,   0x00,   0x00,   0x00,   0x00,   0x00,   0x00,   0x00,
  0x00,   0x00,   0x00,   0x00,   0x00,   0x00,   0x00,   0x00,   0x00,   0x00,   0x00,   0x00,
  0x00,   0x00,   0x00,   0x00,   0x00,   0x00,   0x00,   0x00,   0x00,   0x00,   0x00,   0x00,
  0x00,   0x00,   0x00,   0x00,   0x00,   0x00,   0x00,   0x00,   0x00,   0x00,   0x00,   0x00,
  0x00,   0x00,   0x00,   0x00,   0x00,   0x00,   0x00,   0x00,   0x00,   0x00,   0x00,   0x00,
  0x00,   0x00,   0x00,   0x00,   0x00,   0x00,   0x00,   0x00,   0x00,   0x00,   0x00,   0x00,
  0x10,   0x00,   0x00,   0x00,   0xe7,   0xdf,   0x22,   0x3c,   0xd2,   0x2a,   0x09,   0x3c,
  0x9a,   0x10,   0xec,   0x3b,   0x88,   0x23,   0xf2,   0x3b,   0xb3,   0xac,   0xdf,   0x3b,
  0x9c,   0x2e,   0x89,   0x3b,   0x97,   0xcf,   0x9c,   0x3b,   0xdc,   0x7a,   0x1e,   0x3c,
  0x0f,   0x7f,   0x49,   0x3b,   0xe4,   0x8e,   0xd5,   0x3b,   0x76,   0xdc,   0xd3,   0x3b,
  0x6c,   0x37,   0x9f,   0x3b,   0x0f,   0x7a,   0x83,   0x3b,   0x6d,   0x47,   0x8b,   0x3b,
  0xcc,   0x51,   0xc4,   0x3b,   0xbe,   0xdb,   0xed,   0x3b,   0x13,   0x00,   0x00,   0x00,
  0x74,   0x66,   0x6c,   0x2e,   0x70,   0x73,   0x65,   0x75,   0x64,   0x6f,   0x5f,   0x71,
  0x63,   0x6f,   0x6e,   0x73,   0x74,   0x31,   0x33,   0x00,   0x04,   0x00,   0x00,   0x00,
  0x01,   0x00,   0x00,   0x00,   0x03,   0x00,   0x00,   0x00,   0x03,   0x00,   0x00,   0x00,
  0x10,   0x00,   0x00,   0x00,   0x8a,   0xee,   0xff,   0xff,   0x00,   0x00,   0x00,   0x01,
  0x14,   0x00,   0x00,   0x00,   0xe4,   0x00,   0x00,   0x00,   0x0f,   0x00,   0x00,   0x00,
  0x00,   0x00,   0x00,   0x02,   0xf0,   0x00,   0x00,   0x00,   0x04,   0xee,   0xff,   0xff,
  0x08,   0x00,   0x00,   0x00,   0x88,   0x00,   0x00,   0x00,   0x10,   0x00,   0x00,   0x00,
  0x00,   0x00,   0x00,   0x00,   0x00,   0x00,   0x00,   0x00,   0x00,   0x00,   0x00,   0x00,
  0x00,   0x00,   0x00,   0x00,   0x00,   0x00,   0x00,   0x00,   0x00,   0x00,   0x00,   0x00,
  0x00,   0x00,   0x00,   0x00,   0x00,   0x00,   0x00,   0x00,   0x00,   0x00,   0x00,   0x00,
  0x00,   0x00,   0x00,   0x00,   0x00,   0x00,   0x00,   0x00,   0x00,   0x00,   0x00,   0x00,
  0x00,   0x00,   0x00,   0x00,   0x00,   0x00,   0x00,   0x00,   0x00,   0x00,   0x00,   0x00,
  0x00,   0x00,   0x00,   0x00,   0x00,   0x00,   0x00,   0x00,   0x00,   0x00,   0x00,   0x00,
  0x00,   0x00,   0x00,   0x00,   0x00,   0x00,   0x00,   0x00,   0x00,   0x00,   0x00,   0x00,
  0x00,   0x00,   0x00,   0x00,   0x00,   0x00,   0x00,   0x00,   0x00,   0x00,   0x00,   0x00,
  0x00,   0x00,   0x00,   0x00,   0x00,   0x00,   0x00,   0x00,   0x00,   0x00,   0x00,   0x00,
  0x00,   0x00,   0x00,   0x00,   0x00,   0x00,   0x00,   0x00,   0x00,   0x00,   0x00,   0x00,
  0x00,   0x00,   0x00,   0x00,   0x00,   0x00,   0x00,   0x00,   0x10,   0x00,   0x00,   0x00,
  0x82,   0xc2,   0x37,   0x3a,   0x8b,   0xc1,   0x1a,   0x3a,   0xe5,   0x2a,   0x05,   0x3a,
  0x0d,   0x98,   0x08,   0x3a,   0x28,   0x5b,   0xfc,   0x39,   0xd1,   0xc5,   0x9a,   0x39,
  0x25,   0xeb,   0xb0,   0x39,   0x34,   0xcd,   0x32,   0x3a,   0x7b,   0x55,   0x63,   0x39,
  0x42,   0xf1,   0xf0,   0x39,   0x20,   0x07,   0xef,   0x39,   0xf1,   0xa1,   0xb3,   0x39,
  0xfc,   0x55,   0x94,   0x39,   0x78,   0x23,   0x9d,   0x39,   0x48,   0x7e,   0xdd,   0x39,
  0xe7,   0x2d,   0x06,   0x3a,   0x13,   0x00,   0x00,   0x00,   0x74,   0x66,   0x6c,   0x2e,
  0x70,   0x73,   0x65,   0x75,   0x64,   0x6f,   0x5f,   0x71,   0x63,   0x6f,   0x6e,   0x73,
  0x74,   0x31,   0x32,   0x00,   0x01,   0x00,   0x00,   0x00,   0x10,   0x00,   0x00,   0x00,
  0x9a,   0xef,   0xff,   0xff,   0x00,   0x00,   0x00,   0x01,   0x14,   0x00,   0x00,   0x00,
  0xe8,   0x00,   0x00,   0x00,   0x0e,   0x00,   0x00,   0x00,   0x00,   0x00,   0x00,   0x09,
  0xf4,   0x00,   0x00,   0x00,   0x14,   0xef,   0xff,   0xff,   0x08,   0x00,   0x00,   0x00,
  0x8c,   0x00,   0x00,   0x00,   0x10,   0x00,   0x00,   0x00,   0x00,   0x00,   0x00,   0x00,
  0x00,   0x00,   0x00,   0x00,   0x00,   0x00,   0x00,   0x00,   0x00,   0x00,   0x00,   0x00,
  0x00,   0x00,   0x00,   0x00,   0x00,   0x00,   0x00,   0x00,   0x00,   0x00,   0x00,   0x00,
  0x00,   0x00,   0x00,   0x00,   0x00,   0x00,   0x00,   0x00,   0x00,   0x00,   0x00,   0x00,
  0x00,   0x00,   0x00,   0x00,   0x00,   0x00,   0x00,   0x00,   0x00,   0x00,   0x00,   0x00,
  0x00,   0x00,   0x00,   0x00,   0x00,   0x00,   0x00,   0x00,   0x00,   0x00,   0x00,   0x00,
  0x00,   0x00,   0x00,   0x00,   0x00,   0x00,   0x00,   0x00,   0x00,   0x00,   0x00,   0x00,
  0x00,   0x00,   0x00,   0x00,   0x00,   0x00,   0x00,   0x00,   0x00,   0x00,   0x00,   0x00,
  0x00,   0x00,   0x00,   0x00,   0x00,   0x00,   0x00,   0x00,   0x00,   0x00,   0x00,   0x00,
  0x00,   0x00,   0x00,   0x00,   0x00,   0x00,   0x00,   0x00,   0x00,   0x00,   0x00,   0x00,
  0x00,   0x00,   0x00,   0x00,   0x00,   0x00,   0x00,   0x00,   0x00,   0x00,   0x00,   0x00,
  0x00,   0x00,   0x00,   0x00,   0x00,   0x00,   0x00,   0x00,   0x10,   0x00,   0x00,   0x00,
  0xaa,   0x82,   0x9c,   0x3b,   0xe3,   0x1a,   0xa6,   0x3b,   0x5f,   0xa4,   0x1f,   0x3c,
  0xdd,   0x7f,   0x8b,   0x3b,   0x33,   0x3f,   0xa0,   0x3b,   0x5b,   0x09,   0x9e,   0x3b,
  0x9e,   0xf6,   0x81,   0x3b,   0x1d,   0x03,   0xbe,   0x3b,   0x1f,   0x7c,   0x90,   0x3b,
  0x89,   0x20,   0xcb,   0x3b,   0x6c,   0xa1,   0x96,   0x3b,   0x17,   0x36,   0xaa,   0x3b,
  0xa4,   0xc0,   0x92,   0x3b,   0xd0,   0xb9,   0xd2,   0x3b,   0x69,   0x19,   0xad,   0x3b,
  0x5e,   0x65,   0xb0,   0x3b,   0x13,   0x00,   0x00,   0x00,   0x74,   0x66,   0x6c,   0x2e,
  0x70,   0x73,   0x65,   0x75,   0x64,   0x6f,   0x5f,   0x71,   0x63,   0x6f,   0x6e,   0x73,
  0x74,   0x31,   0x31,   0x00,   0x04,   0x00,   0x00,   0x00,   0x10,   0x00,   0x00,   0x00,
  0x01,   0x00,   0x00,   0x00,   0x01,   0x00,   0x00,   0x00,   0x10,   0x00,   0x00,   0x00,
  0xba,   0xf0,   0xff,   0xff,   0x00,   0x00,   0x00,   0x01,   0x14,   0x00,   0x00,   0x00,
  0xe8,   0x00,   0x00,   0x00,   0x0d,   0x00,   0x00,   0x00,   0x00,   0x00,   0x00,   0x02,
  0xf4,   0x00,   0x00,   0x00,   0x34,   0xf0,   0xff,   0xff,   0x08,   0x00,   0x00,   0x00,
  0x8c,   0x00,   0x00,   0x00,   0x10,   0x00,   0x00,   0x00,   0x00,   0x00,   0x00,   0x00,
  0x00,   0x00,   0x00,   0x00,   0x00,   0x00,   0x00,   0x00,   0x00,   0x00,   0x00,   0x00,
  0x00,   0x00,   0x00,   0x00,   0x00,   0x00,   0x00,   0x00,   0x00,   0x00,   0x00,   0x00,
  0x00,   0x00,   0x00,   0x00,   0x00,   0x00,   0x00,   0x00,   0x00,   0x00,   0x00,   0x00,
  0x00,   0x00,   0x00,   0x00,   0x00,   0x00,   0x00,   0x00,   0x00,   0x00,   0x00,   0x00,
  0x00,   0x00,   0x00,   0x00,   0x00,   0x00,   0x00,   0x00,   0x00,   0x00,   0x00,   0x00,
  0x00,   0x00,   0x00,   0x00,   0x00,   0x00,   0x00,   0x00,   0x00,   0x00,   0x00,   0x00,
  0x00,   0x00,   0x00,   0x00,   0x00,   0x00,   0x00,   0x00,   0x00,   0x00,   0x00,   0x00,
  0x00,   0x00,   0x00,   0x00,   0x00,   0x00,   0x00,   0x00,   0x00,   0x00,   0x00,   0x00,
  0x00,   0x00,   0x00,   0x00,   0x00,   0x00,   0x00,   0x00,   0x00,   0x00,   0x00,   0x00,
  0x00,   0x00,   0x00,   0x00,   0x00,   0x00,   0x00,   0x00,   0x00,   0x00,   0x00,   0x00,
  0x00,   0x00,   0x00,   0x00,   0x00,   0x00,   0x00,   0x00,   0x10,   0x00,   0x00,   0x00,
  0x26,   0xe9,   0xb5,   0x39,   0xff,   0x0f,   0xc1,   0x39,   0xf7,   0x8c,   0x39,   0x3a,
  0x9a,   0x23,   0xa2,   0x39,   0xec,   0x40,   0xba,   0x39,   0x3f,   0xaf,   0xb7,   0x39,
  0x29,   0x0e,   0x97,   0x39,   0x7c,   0xd9,   0xdc,   0x39,   0xfc,   0xee,   0xa7,   0x39,
  0xca,   0x17,   0xec,   0x39,   0x9e,   0x13,   0xaf,   0x39,   0xcd,   0xd5,   0xc5,   0x39,
  0xb8,   0x91,   0xaa,   0x39,   0xc4,   0xec,   0xf4,   0x39,   0x1b,   0x31,   0xc9,   0x39,
  0x08,   0x06,   0xcd,   0x39,   0x13,   0x00,   0x00,   0x00,   0x74,   0x66,   0x6c,   0x2e,
  0x70,   0x73,   0x65,   0x75,   0x64,   0x6f,   0x5f,   0x71,   0x63,   0x6f,   0x6e,   0x73,
  0x74,   0x31,   0x30,   0x00,   0x01,   0x00,   0x00,   0x00,   0x10,   0x00,   0x00,   0x00,
  0xce,   0xf1,   0xff,   0xff,   0x00,   0x00,   0x00,   0x01,   0x14,   0x00,   0x00,   0x00,
  0xec,   0x00,   0x00,   0x00,   0x0c,   0x00,   0x00,   0x00,   0x00,   0x00,   0x00,   0x09,
  0xf8,   0x00,   0x00,   0x00,   0x02,   0xfa,   0xff,   0xff,   0x03,   0x00,   0x00,   0x00,
  0x08,   0x00,   0x00,   0x00,   0x8c,   0x00,   0x00,   0x00,   0x10,   0x00,   0x00,   0x00,
  0x00,   0x00,   0x00,   0x00,   0x00,   0x00,   0x00,   0x00,   0x00,   0x00,   0x00,   0x00,
  0x00,   0x00,   0x00,   0x00,   0x00,   0x00,   0x00,   0x00,   0x00,   0x00,   0x00,   0x00,
  0x00,   0x00,   0x00,   0x00,   0x00,   0x00,   0x00,   0x00,   0x00,   0x00,   0x00,   0x00,
  0x00,   0x00,   0x00,   0x00,   0x00,   0x00,   0x00,   0x00,   0x00,   0x00,   0x00,   0x00,
  0x00,   0x00,   0x00,   0x00,   0x00,   0x00,   0x00,   0x00,   0x00,   0x00,   0x00,   0x00,
  0x00,   0x00,   0x00,   0x00,   0x00,   0x00,   0x00,   0x00,   0x00,   0x00,   0x00,   0x00,
  0x00,   0x00,   0x00,   0x00,   0x00,   0x00,   0x00,   0x00,   0x00,   0x00,   0x00,   0x00,
  0x00,   0x00,   0x00,   0x00,   0x00,   0x00,   0x00,   0x00,   0x00,   0x00,   0x00,   0x00,
  0x00,   0x00,   0x00,   0x00,   0x00,   0x00,   0x00,   0x00,   0x00,   0x00,   0x00,   0x00,
  0x00,   0x00,   0x00,   0x00,   0x00,   0x00,   0x00,   0x00,   0x00,   0x00,   0x00,   0x00,
  0x00,   0x00,   0x00,   0x00,   0x00,   0x00,   0x00,   0x00,   0x00,   0x00,   0x00,   0x00,
  0x10,   0x00,   0x00,   0x00,   0xbc,   0x64,   0x06,   0x3c,   0x77,   0x35,   0xc9,   0x3b,
  0x0e,   0xc7,   0xa4,   0x3b,   0xca,   0x2b,   0x56,   0x3c,   0xfc,   0x7e,   0xd1,   0x3b,
  0x39,   0x2d,   0x8d,   0x3b,   0x12,   0x03,   0x0d,   0x3c,   0x79,   0xf3,   0x99,   0x3b,
  0x79,   0x98,   0x8a,   0x3c,   0x1c,   0x47,   0xe7,   0x3b,   0xaf,   0x83,   0x8d,   0x3b,
  0x33,   0x42,   0x94,   0x3b,   0x4d,   0x02,   0xb2,   0x3b,   0xec,   0x27,   0x45,   0x3c,
  0xf3,   0x65,   0xf8,   0x3b,   0x89,   0x2e,   0xb3,   0x3b,   0x12,   0x00,   0x00,   0x00,
  0x74,   0x66,   0x6c,   0x2e,   0x70,   0x73,   0x65,   0x75,   0x64,   0x6f,   0x5f,   0x71,
  0x63,   0x6f,   0x6e,   0x73,   0x74,   0x39,   0x00,   0x00,   0x04,   0x00,   0x00,   0x00,
  0x01,   0x00,   0x00,   0x00,   0x03,   0x00,   0x00,   0x00,   0x03,   0x00,   0x00,   0x00,
  0x10,   0x00,   0x00,   0x00,   0xf2,   0xf2,   0xff,   0xff,   0x00,   0x00,   0x00,   0x01,
  0x14,   0x00,   0x00,   0x00,   0xe4,   0x00,   0x00,   0x00,   0x0b,   0x00,   0x00,   0x00,
  0x00,   0x00,   0x00,   0x02,   0xf0,   0x00,   0x00,   0x00,   0x6c,   0xf2,   0xff,   0xff,
  0x08,   0x00,   0x00,   0x00,   0x88,   0x00,   0x00,   0x00,   0x10,   0x00,   0x00,   0x00,
  0x00,   0x00,   0x00,   0x00,   0x00,   0x00,   0x00,   0x00,   0x00,   0x00,   0x00,   0x00,
  0x00,   0x00,   0x00,   0x00,   0x00,   0x00,   0x00,   0x00,   0x00,   0x00,   0x00,   0x00,
  0x00,   0x00,   0x00,   0x00,   0x00,   0x00,   0x00,   0x00,   0x00,   0x00,   0x00,   0x00,
  0x00,   0x00,   0x00,   0x00,   0x00,   0x00,   0x00,   0x00,   0x00,   0x00,   0x00,   0x00,
  0x00,   0x00,   0x00,   0x00,   0x00,   0x00,   0x00,   0x00,   0x00,   0x00,   0x00,   0x00,
  0x00,   0x00,   0x00,   0x00,   0x00,   0x00,   0x00,   0x00,   0x00,   0x00,   0x00,   0x00,
  0x00,   0x00,   0x00,   0x00,   0x00,   0x00,   0x00,   0x00,   0x00,   0x00,   0x00,   0x00,
  0x00,   0x00,   0x00,   0x00,   0x00,   0x00,   0x00,   0x00,   0x00,   0x00,   0x00,   0x00,
  0x00,   0x00,   0x00,   0x00,   0x00,   0x00,   0x00,   0x00,   0x00,   0x00,   0x00,   0x00,
  0x00,   0x00,   0x00,   0x00,   0x00,   0x00,   0x00,   0x00,   0x00,   0x00,   0x00,   0x00,
  0x00,   0x00,   0x00,   0x00,   0x00,   0x00,   0x00,   0x00,   0x10,   0x00,   0x00,   0x00,
  0x62,   0xc7,   0x2a,   0x3a,   0x01,   0xaf,   0xff,   0x39,   0x96,   0x63,   0xd1,   0x39,
  0xdc,   0x13,   0x88,   0x3a,   0x73,   0x1b,   0x05,   0x3a,   0x01,   0x66,   0xb3,   0x39,
  0x70,   0x30,   0x33,   0x3a,   0xa2,   0xa1,   0xc3,   0x39,   0x5d,   0x1e,   0xb0,   0x3a,
  0x58,   0xf2,   0x12,   0x3a,   0xdf,   0xd3,   0xb3,   0x39,   0xd2,   0x65,   0xbc,   0x39,
  0xe3,   0x33,   0xe2,   0x39,   0x8f,   0x88,   0x7a,   0x3a,   0x10,   0xd3,   0x1d,   0x3a,
  0x68,   0xb1,   0xe3,   0x39,   0x12,   0x00,   0x00,   0x00,   0x74,   0x66,   0x6c,   0x2e,
  0x70,   0x73,   0x65,   0x75,   0x64,   0x6f,   0x5f,   0x71,   0x63,   0x6f,   0x6e,   0x73,
  0x74,   0x38,   0x00,   0x00,   0x01,   0x00,   0x00,   0x00,   0x10,   0x00,   0x00,   0x00,
  0x02,   0xf4,   0xff,   0xff,   0x00,   0x00,   0x00,   0x01,   0x14,   0x00,   0x00,   0x00,
  0xa8,   0x01,   0x00,   0x00,   0x0a,   0x00,   0x00,   0x00,   0x00,   0x00,   0x00,   0x09,
  0xb4,   0x01,   0x00,   0x00,   0x7c,   0xf3,   0xff,   0xff,   0x08,   0x00,   0x00,   0x00,
  0x0c,   0x01,   0x00,   0x00,   0x20,   0x00,   0x00,   0x00,   0x00,   0x00,   0x00,   0x00,
  0x00,   0x00,   0x00,   0x00,   0x00,   0x00,   0x00,   0x00,   0x00,   0x00,   0x00,   0x00,
  0x00,   0x00,   0x00,   0x00,   0x00,   0x00,   0x00,   0x00,   0x00,   0x00,   0x00,   0x00,
  0x00,   0x00,   0x00,   0x00,   0x00,   0x00,   0x00,   0x00,   0x00,   0x00,   0x00,   0x00,
  0x00,   0x00,   0x00,   0x00,   0x00,   0x00,   0x00,   0x00,   0x00,   0x00,   0x00,   0x00,
  0x00,   0x00,   0x00,   0x00,   0x00,   0x00,   0x00,   0x00,   0x00,   0x00,   0x00,   0x00,
  0x00,   0x00,   0x00,   0x00,   0x00,   0x00,   0x00,   0x00,   0x00,   0x00,   0x00,   0x00,
  0x00,   0x00,   0x00,   0x00,   0x00,   0x00,   0x00,   0x00,   0x00,   0x00,   0x00,   0x00,
  0x00,   0x00,   0x00,   0x00,   0x00,   0x00,   0x00,   0x00,   0x00,   0x00,   0x00,   0x00,
  0x00,   0x00,   0x00,   0x00,   0x00,   0x00,   0x00,   0x00,   0x00,   0x00,   0x00,   0x00,
  0x00,   0x00,   0x00,   0x00,   0x00,   0x00,   0x00,   0x00,   0x00,   0x00,   0x00,   0x00,
  0x00,   0x00,   0x00,   0x00,   0x00,   0x00,   0x00,   0x00,   0x00,   0x00,   0x00,   0x00,
  0x00,   0x00,   0x00,   0x00,   0x00,   0x00,   0x00,   0x00,   0x00,   0x00,   0x00,   0x00,
  0x00,   0x00,   0x00,   0x00,   0x00,   0x00,   0x00,   0x00,   0x00,   0x00,   0x00,   0x00,
  0x00,   0x00,   0x00,   0x00,   0x00,   0x00,   0x00,   0x00,   0x00,   0x00,   0x00,   0x00,
  0x00,   0x00,   0x00,   0x00,   0x00,   0x00,   0x00,   0x00,   0x00,   0x00,   0x00,   0x00,
  0x00,   0x00,   0x00,   0x00,   0x00,   0x00,   0x00,   0x00,   0x00,   0x00,   0x00,   0x00,
  0x00,   0x00,   0x00,   0x00,   0x00,   0x00,   0x00,   0x00,   0x00,   0x00,   0x00,   0x00,
  0x00,   0x00,   0x00,   0x00,   0x00,   0x00,   0x00,   0x00,   0x00,   0x00,   0x00,   0x00,
  0x00,   0x00,   0x00,   0x00,   0x00,   0x00,   0x00,   0x00,   0x00,   0x00,   0x00,   0x00,
  0x00,   0x00,   0x00,   0x00,   0x00,   0x00,   0x00,   0x00,   0x00,   0x00,   0x00,   0x00,
  0x00,   0x00,   0x00,   0x00,   0x00,   0x00,   0x00,   0x00,   0x00,   0x00,   0x00,   0x00,
  0x00,   0x00,   0x00,   0x00,   0x20,   0x00,   0x00,   0x00,   0xd1,   0x60,   0xad,   0x3b,
  0x3e,   0x9a,   0xb4,   0x3b,   0x7f,   0xe8,   0x97,   0x3b,   0x88,   0xba,   0xc3,   0x3b,
  0xa4,   0x12,   0x03,   0x3c,   0xa8,   0x7f,   0xb8,   0x3b,   0x08,   0x76,   0x9d,   0x3b,
  0x7f,   0x9f,   0xbf,   0x3b,   0x18,   0x8f,   0xef,   0x3b,   0xb5,   0x6b,   0xc6,   0x3b,
  0x03,   0x4f,   0xab,   0x3b,   0xf0,   0x99,   0xd0,   0x3b,   0x7c,   0x45,   0xa7,   0x3b,
  0xee,   0xcd,   0x4a,   0x3b,   0xfa,   0x24,   0xe0,   0x3b,   0xfa,   0x02,   0x94,   0x3b,
  0x59,   0x7e,   0x9f,   0x3b,   0x1c,   0x23,   0x98,   0x3b,   0x3a,   0x9b,   0xc5,   0x3b,
  0xbc,   0x30,   0xbe,   0x3b,   0xa5,   0x9b,   0xe6,   0x3b,   0x7b,   0xd1,   0xc2,   0x3b,
  0x83,   0x9d,   0xac,   0x3b,   0xb2,   0x57,   0xa1,   0x3b,   0x51,   0x4d,   0xcd,   0x3b,
  0x41,   0xaa,   0x89,   0x3b,   0x45,   0x30,   0x9d,   0x3b,   0x86,   0x10,   0xb0,   0x3b,
  0xdb,   0xfe,   0x8e,   0x3b,   0x54,   0x3a,   0xbc,   0x3b,   0x87,   0xd9,   0xe3,   0x3b,
  0x50,   0x8d,   0xd0,   0x3b,   0x12,   0x00,   0x00,   0x00,   0x74,   0x66,   0x6c,   0x2e,
  0x70,   0x73,   0x65,   0x75,   0x64,   0x6f,   0x5f,   0x71,   0x63,   0x6f,   0x6e,   0x73,
  0x74,   0x37,   0x00,   0x00,   0x04,   0x00,   0x00,   0x00,   0x20,   0x00,   0x00,   0x00,
  0x01,   0x00,   0x00,   0x00,   0x01,   0x00,   0x00,   0x00,   0x10,   0x00,   0x00,   0x00,
  0xe2,   0xf5,   0xff,   0xff,   0x00,   0x00,   0x00,   0x01,   0x14,   0x00,   0x00,   0x00,
  0xa4,   0x01,   0x00,   0x00,   0x09,   0x00,   0x00,   0x00,   0x00,   0x00,   0x00,   0x02,
  0xb0,   0x01,   0x00,   0x00,   0x5c,   0xf5,   0xff,   0xff,   0x08,   0x00,   0x00,   0x00,
  0x08,   0x01,   0x00,   0x00,   0x20,   0x00,   0x00,   0x00,   0x00,   0x00,   0x00,   0x00,
  0x00,   0x00,   0x00,   0x00,   0x00,   0x00,   0x00,   0x00,   0x00,   0x00,   0x00,   0x00,
  0x00,   0x00,   0x00,   0x00,   0x00,   0x00,   0x00,   0x00,   0x00,   0x00,   0x00,   0x00,
  0x00,   0x00,   0x00,   0x00,   0x00,   0x00,   0x00,   0x00,   0x00,   0x00,   0x00,   0x00,
  0x00,   0x00,   0x00,   0x00,   0x00,   0x00,   0x00,   0x00,   0x00,   0x00,   0x00,   0x00,
  0x00,   0x00,   0x00,   0x00,   0x00,   0x00,   0x00,   0x00,   0x00,   0x00,   0x00,   0x00,
  0x00,   0x00,   0x00,   0x00,   0x00,   0x00,   0x00,   0x00,   0x00,   0x00,   0x00,   0x00,
  0x00,   0x00,   0x00,   0x00,   0x00,   0x00,   0x00,   0x00,   0x00,   0x00,   0x00,   0x00,
  0x00,   0x00,   0x00,   0x00,   0x00,   0x00,   0x00,   0x00,   0x00,   0x00,   0x00,   0x00,
  0x00,   0x00,   0x00,   0x00,   0x00,   0x00,   0x00,   0x00,   0x00,   0x00,   0x00,   0x00,
  0x00,   0x00,   0x00,   0x00,   0x00,   0x00,   0x00,   0x00,   0x00,   0x00,   0x00,   0x00,
  0x00,   0x00,   0x00,   0x00,   0x00,   0x00,   0x00,   0x00,   0x00,   0x00,   0x00,   0x00,
  0x00,   0x00,   0x00,   0x00,   0x00,   0x00,   0x00,   0x00,   0x00,   0x00,   0x00,   0x00,
  0x00,   0x00,   0x00,   0x00,   0x00,   0x00,   0x00,   0x00,   0x00,   0x00,   0x00,   0x00,
  0x00,   0x00,   0x00,   0x00,   0x00,   0x00,   0x00,   0x00,   0x00,   0x00,   0x00,   0x00,
  0x00,   0x00,   0x00,   0x00,   0x00,   0x00,   0x00,   0x00,   0x00,   0x00,   0x00,   0x00,
  0x00,   0x00,   0x00,   0x00,   0x00,   0x00,   0x00,   0x00,   0x00,   0x00,   0x00,   0x00,
  0x00,   0x00,   0x00,   0x00,   0x00,   0x00,   0x00,   0x00,   0x00,   0x00,   0x00,   0x00,
  0x00,   0x00,   0x00,   0x00,   0x00,   0x00,   0x00,   0x00,   0x00,   0x00,   0x00,   0x00,
  0x00,   0x00,   0x00,   0x00,   0x00,   0x00,   0x00,   0x00,   0x00,   0x00,   0x00,   0x00,
  0x00,   0x00,   0x00,   0x00,   0x00,   0x00,   0x00,   0x00,   0x00,   0x00,   0x00,   0x00,
  0x00,   0x00,   0x00,   0x00,   0x00,   0x00,   0x00,   0x00,   0x00,   0x00,   0x00,   0x00,
  0x20,   0x00,   0x00,   0x00,   0xd7,   0x62,   0x13,   0x3a,   0x02,   0x87,   0x19,   0x3a,
  0x81,   0x22,   0x01,   0x3a,   0xc7,   0x62,   0x26,   0x3a,   0x8d,   0xd8,   0x5e,   0x3a,
  0xe4,   0xd6,   0x1c,   0x3a,   0xed,   0xda,   0x05,   0x3a,   0x4f,   0xe5,   0x22,   0x3a,
  0x34,   0xa5,   0x4b,   0x3a,   0xa3,   0xac,   0x28,   0x3a,   0x76,   0xa0,   0x11,   0x3a,
  0x27,   0x54,   0x31,   0x3a,   0xe0,   0x31,   0x0e,   0x3a,   0x9f,   0x66,   0xac,   0x39,
  0xac,   0x8a,   0x3e,   0x3a,   0x0e,   0xa5,   0xfb,   0x39,   0x3d,   0x95,   0x07,   0x3a,
  0x54,   0x54,   0x01,   0x3a,   0x69,   0xfb,   0x27,   0x3a,   0x88,   0xad,   0x21,   0x3a,
  0x47,   0x09,   0x44,   0x3a,   0xaa,   0x9c,   0x25,   0x3a,   0xd0,   0xbc,   0x12,   0x3a,
  0xa0,   0x27,   0x09,   0x3a,   0x27,   0x86,   0x2e,   0x3a,   0xc7,   0x0d,   0xea,   0x39,
  0xa0,   0x9f,   0x05,   0x3a,   0x73,   0xab,   0x15,   0x3a,   0xd5,   0x1d,   0xf3,   0x39,
  0x72,   0x02,   0x20,   0x3a,   0x05,   0xb1,   0x41,   0x3a,   0x6b,   0x49,   0x31,   0x3a,
  0x12,   0x00,   0x00,   0x00,   0x74,   0x66,   0x6c,   0x2e,   0x70,   0x73,   0x65,   0x75,
  0x64,   0x6f,   0x5f,   0x71,   0x63,   0x6f,   0x6e,   0x73,   0x74,   0x36,   0x00,   0x00,
  0x01,   0x00,   0x00,   0x00,   0x20,   0x00,   0x00,   0x00,   0x00,   0x00,   0x16,   0x00,
  0x1e,   0x00,   0x18,   0x00,   0x17,   0x00,   0x10,   0x00,   0x0c,   0x00,   0x08,   0x00,
  0x00,   0x00,   0x00,   0x00,   0x00,   0x00,   0x07,   0x00,   0x16,   0x00,   0x00,   0x00,
  0x00,   0x00,   0x00,   0x01,   0x28,   0x00,   0x00,   0x00,   0xc0,   0x01,   0x00,   0x00,
  0x08,   0x00,   0x00,   0x00,   0x00,   0x00,   0x00,   0x09,   0xcc,   0x01,   0x00,   0x00,
  0x00,   0x00,   0x12,   0x00,   0x10,   0x00,   0x00,   0x00,   0x00,   0x00,   0x0c,   0x00,
  0x08,   0x00,   0x00,   0x00,   0x00,   0x00,   0x04,   0x00,   0x12,   0x00,   0x00,   0x00,
  0x03,   0x00,   0x00,   0x00,   0x08,   0x00,   0x00,   0x00,   0x0c,   0x01,   0x00,   0x00,
  0x20,   0x00,   0x00,   0x00,   0x00,   0x00,   0x00,   0x00,   0x00,   0x00,   0x00,   0x00,
  0x00,   0x00,   0x00,   0x00,   0x00,   0x00,   0x00,   0x00,   0x00,   0x00,   0x00,   0x00,
  0x00,   0x00,   0x00,   0x00,   0x00,   0x00,   0x00,   0x00,   0x00,   0x00,   0x00,   0x00,
  0x00,   0x00,   0x00,   0x00,   0x00,   0x00,   0x00,   0x00,   0x00,   0x00,   0x00,   0x00,
  0x00,   0x00,   0x00,   0x00,   0x00,   0x00,   0x00,   0x00,   0x00,   0x00,   0x00,   0x00,
  0x00,   0x00,   0x00,   0x00,   0x00,   0x00,   0x00,   0x00,   0x00,   0x00,   0x00,   0x00,
  0x00,   0x00,   0x00,   0x00,   0x00,   0x00,   0x00,   0x00,   0x00,   0x00,   0x00,   0x00,
  0x00,   0x00,   0x00,   0x00,   0x00,   0x00,   0x00,   0x00,   0x00,   0x00,   0x00,   0x00,
  0x00,   0x00,   0x00,   0x00,   0x00,   0x00,   0x00,   0x00,   0x00,   0x00,   0x00,   0x00,
  0x00,   0x00,   0x00,   0x00,   0x00,   0x00,   0x00,   0x00,   0x00,   0x00,   0x00,   0x00,
  0x00,   0x00,   0x00,   0x00,   0x00,   0x00,   0x00,   0x00,   0x00,   0x00,   0x00,   0x00,
  0x00,   0x00,   0x00,   0x00,   0x00,   0x00,   0x00,   0x00,   0x00,   0x00,   0x00,   0x00,
  0x00,   0x00,   0x00,   0x00,   0x00,   0x00,   0x00,   0x00,   0x00,   0x00,   0x00,   0x00,
  0x00,   0x00,   0x00,   0x00,   0x00,   0x00,   0x00,   0x00,   0x00,   0x00,   0x00,   0x00,
  0x00,   0x00,   0x00,   0x00,   0x00,   0x00,   0x00,   0x00,   0x00,   0x00,   0x00,   0x00,
  0x00,   0x00,   0x00,   0x00,   0x00,   0x00,   0x00,   0x00,   0x00,   0x00,   0x00,   0x00,
  0x00,   0x00,   0x00,   0x00,   0x00,   0x00,   0x00,   0x00,   0x00,   0x00,   0x00,   0x00,
  0x00,   0x00,   0x00,   0x00,   0x00,   0x00,   0x00,   0x00,   0x00,   0x00,   0x00,   0x00,
  0x00,   0x00,   0x00,   0x00,   0x00,   0x00,   0x00,   0x00,   0x00,   0x00,   0x00,   0x00,
  0x00,   0x00,   0x00,   0x00,   0x00,   0x00,   0x00,   0x00,   0x00,   0x00,   0x00,   0x00,
  0x00,   0x00,   0x00,   0x00,   0x00,   0x00,   0x00,   0x00,   0x00,   0x00,   0x00,   0x00,
  0x00,   0x00,   0x00,   0x00,   0x00,   0x00,   0x00,   0x00,   0x00,   0x00,   0x00,   0x00,
  0x20,   0x00,   0x00,   0x00,   0x61,   0x48,   0x25,   0x3b,   0xe4,   0x1b,   0xb1,   0x3b,
  0xdb,   0x8d,   0x91,   0x3b,   0xfe,   0x67,   0x85,   0x3b,   0x15,   0xfb,   0x74,   0x3b,
  0x73,   0x73,   0x82,   0x3b,   0x6f,   0xd6,   0x67,   0x3b,   0xde,   0x04,   0x81,   0x3b,
  0x3a,   0x49,   0x5b,   0x3b,   0x7b,   0x75,   0x1f,   0x3c,   0x43,   0x21,   0xc6,   0x3b,
  0xf0,   0x03,   0x6c,   0x3b,   0x95,   0x16,   0x7c,   0x3b,   0x6c,   0x22,   0xa9,   0x3c,
  0x5a,   0x4c,   0x2d,   0x3b,   0x6c,   0x1c,   0xa8,   0x3b,   0x07,   0x25,   0x20,   0x3b,
  0x15,   0x8f,   0x96,   0x3b,   0x23,   0x6f,   0x5a,   0x3b,   0x09,   0x44,   0xab,   0x3b,
  0x1b,   0x49,   0x6e,   0x3b,   0xd1,   0x36,   0xa7,   0x3b,   0xdd,   0x62,   0x18,   0x3b,
  0x9e,   0x3e,   0x43,   0x3b,   0x08,   0x68,   0x85,   0x3b,   0x58,   0x49,   0x59,   0x3b,
  0x86,   0x4e,   0xe6,   0x3b,   0xd5,   0x65,   0x27,   0x3b,   0x57,   0x89,   0x4f,   0x3b,
  0xd7,   0x0f,   0x56,   0x3b,   0xfa,   0x3b,   0x47,   0x3b,   0xa4,   0x73,   0x3e,   0x3b,
  0x12,   0x00,   0x00,   0x00,   0x74,   0x66,   0x6c,   0x2e,   0x70,   0x73,   0x65,   0x75,
  0x64,   0x6f,   0x5f,   0x71,   0x63,   0x6f,   0x6e,   0x73,   0x74,   0x35,   0x00,   0x00,
  0x04,   0x00,   0x00,   0x00,   0x01,   0x00,   0x00,   0x00,   0x03,   0x00,   0x00,   0x00,
  0x03,   0x00,   0x00,   0x00,   0x20,   0x00,   0x00,   0x00,   0xc2,   0xf9,   0xff,   0xff,
  0x00,   0x00,   0x00,   0x01,   0x14,   0x00,   0x00,   0x00,   0xa4,   0x01,   0x00,   0x00,
  0x07,   0x00,   0x00,   0x00,   0x00,   0x00,   0x00,   0x02,   0xb0,   0x01,   0x00,   0x00,
  0x3c,   0xf9,   0xff,   0xff,   0x08,   0x00,   0x00,   0x00,   0x08,   0x01,   0x00,   0x00,
  0x20,   0x00,   0x00,   0x00,   0x00,   0x00,   0x00,   0x00,   0x00,   0x00,   0x00,   0x00,
  0x00,   0x00,   0x00,   0x00,   0x00,   0x00,   0x00,   0x00,   0x00,   0x00,   0x00,   0x00,
  0x00,   0x00,   0x00,   0x00,   0x00,   0x00,   0x00,   0x00,   0x00,   0x00,   0x00,   0x00,
  0x00,   0x00,   0x00,   0x00,   0x00,   0x00,   0x00,   0x00,   0x00,   0x00,   0x00,   0x00,
  0x00,   0x00,   0x00,   0x00,   0x00,   0x00,   0x00,   0x00,   0x00,   0x00,   0x00,   0x00,
  0x00,   0x00,   0x00,   0x00,   0x00,   0x00,   0x00,   0x00,   0x00,   0x00,   0x00,   0x00,
  0x00,   0x00,   0x00,   0x00,   0x00,   0x00,   0x00,   0x00,   0x00,   0x00,   0x00,   0x00,
  0x00,   0x00,   0x00,   0x00,   0x00,   0x00,   0x00,   0x00,   0x00,   0x00,   0x00,   0x00,
  0x00,   0x00,   0x00,   0x00,   0x00,   0x00,   0x00,   0x00,   0x00,   0x00,   0x00,   0x00,
  0x00,   0x00,   0x00,   0x00,   0x00,   0x00,   0x00,   0x00,   0x00,   0x00,   0x00,   0x00,
  0x00,   0x00,   0x00,   0x00,   0x00,   0x00,   0x00,   0x00,   0x00,   0x00,   0x00,   0x00,
  0x00,   0x00,   0x00,   0x00,   0x00,   0x00,   0x00,   0x00,   0x00,   0x00,   0x00,   0x00,
  0x00,   0x00,   0x00,   0x00,   0x00,   0x00,   0x00,   0x00,   0x00,   0x00,   0x00,   0x00,
  0x00,   0x00,   0x00,   0x00,   0x00,   0x00,   0x00,   0x00,   0x00,   0x00,   0x00,   0x00,
  0x00,   0x00,   0x00,   0x00,   0x00,   0x00,   0x00,   0x00,   0x00,   0x00,   0x00,   0x00,
  0x00,   0x00,   0x00,   0x00,   0x00,   0x00,   0x00,   0x00,   0x00,   0x00,   0x00,   0x00,
  0x00,   0x00,   0x00,   0x00,   0x00,   0x00,   0x00,   0x00,   0x00,   0x00,   0x00,   0x00,
  0x00,   0x00,   0x00,   0x00,   0x00,   0x00,   0x00,   0x00,   0x00,   0x00,   0x00,   0x00,
  0x00,   0x00,   0x00,   0x00,   0x00,   0x00,   0x00,   0x00,   0x00,   0x00,   0x00,   0x00,
  0x00,   0x00,   0x00,   0x00,   0x00,   0x00,   0x00,   0x00,   0x00,   0x00,   0x00,   0x00,
  0x00,   0x00,   0x00,   0x00,   0x00,   0x00,   0x00,   0x00,   0x00,   0x00,   0x00,   0x00,
  0x00,   0x00,   0x00,   0x00,   0x00,   0x00,   0x00,   0x00,   0x20,   0x00,   0x00,   0x00,
  0xb8,   0xb1,   0x41,   0x39,   0xa5,   0x8d,   0xcf,   0x39,   0x07,   0x93,   0xaa,   0x39,
  0x97,   0x56,   0x9c,   0x39,   0xc9,   0x8b,   0x8f,   0x39,   0x00,   0xe0,   0x98,   0x39,
  0x46,   0xd8,   0x87,   0x39,   0x68,   0x32,   0x97,   0x39,   0x80,   0x7d,   0x80,   0x39,
  0x8a,   0xde,   0x3a,   0x3a,   0x0e,   0x30,   0xe8,   0x39,   0xf3,   0x4a,   0x8a,   0x39,
  0xeb,   0xb5,   0x93,   0x39,   0x42,   0x35,   0xc6,   0x3a,   0x6a,   0x16,   0x4b,   0x39,
  0x38,   0x02,   0xc5,   0x39,   0x43,   0xac,   0x3b,   0x39,   0x7e,   0x70,   0xb0,   0x39,
  0x6d,   0xfb,   0x7f,   0x39,   0xa9,   0xb4,   0xc8,   0x39,   0x7c,   0x9f,   0x8b,   0x39,
  0x25,   0xf5,   0xc3,   0x39,   0xaf,   0x94,   0x32,   0x39,   0x71,   0xce,   0x64,   0x39,
  0xa3,   0x56,   0x9c,   0x39,   0x21,   0xa3,   0x7e,   0x39,   0xa3,   0xf2,   0x06,   0x3a,
  0x3e,   0x2c,   0x44,   0x39,   0x13,   0x36,   0x73,   0x39,   0xba,   0xdb,   0x7a,   0x39,
  0x5e,   0x7b,   0x69,   0x39,   0x8d,   0x30,   0x5f,   0x39,   0x12,   0x00,   0x00,   0x00,
  0x74,   0x66,   0x6c,   0x2e,   0x70,   0x73,   0x65,   0x75,   0x64,   0x6f,   0x5f,   0x71,
  0x63,   0x6f,   0x6e,   0x73,   0x74,   0x34,   0x00,   0x00,   0x01,   0x00,   0x00,   0x00,
  0x20,   0x00,   0x00,   0x00,   0x92,   0xfb,   0xff,   0xff,   0x00,   0x00,   0x00,   0x01,
  0x14,   0x00,   0x00,   0x00,   0xa8,   0x01,   0x00,   0x00,   0x06,   0x00,   0x00,   0x00,
  0x00,   0x00,   0x00,   0x09,   0xb4,   0x01,   0x00,   0x00,   0x0c,   0xfb,   0xff,   0xff,
  0x08,   0x00,   0x00,   0x00,   0x0c,   0x01,   0x00,   0x00,   0x20,   0x00,   0x00,   0x00,
  0x00,   0x00,   0x00,   0x00,   0x00,   0x00,   0x00,   0x00,   0x00,   0x00,   0x00,   0x00,
  0x00,   0x00,   0x00,   0x00,   0x00,   0x00,   0x00,   0x00,   0x00,   0x00,   0x00,   0x00,
  0x00,   0x00,   0x00,   0x00,   0x00,   0x00,   0x00,   0x00,   0x00,   0x00,   0x00,   0x00,
  0x00,   0x00,   0x00,   0x00,   0x00,   0x00,   0x00,   0x00,   0x00,   0x00,   0x00,   0x00,
  0x00,   0x00,   0x00,   0x00,   0x00,   0x00,   0x00,   0x00,   0x00,   0x00,   0x00,   0x00,
  0x00,   0x00,   0x00,   0x00,   0x00,   0x00,   0x00,   0x00,   0x00,   0x00,   0x00,   0x00,
  0x00,   0x00,   0x00,   0x00,   0x00,   0x00,   0x00,   0x00,   0x00,   0x00,   0x00,   0x00,
  0x00,   0x00,   0x00,   0x00,   0x00,   0x00,   0x00,   0x00,   0x00,   0x00,   0x00,   0x00,
  0x00,   0x00,   0x00,   0x00,   0x00,   0x00,   0x00,   0x00,   0x00,   0x00,   0x00,   0x00,
  0x00,   0x00,   0x00,   0x00,   0x00,   0x00,   0x00,   0x00,   0x00,   0x00,   0x00,   0x00,
  0x00,   0x00,   0x00,   0x00,   0x00,   0x00,   0x00,   0x00,   0x00,   0x00,   0x00,   0x00,
  0x00,   0x00,   0x00,   0x00,   0x00,   0x00,   0x00,   0x00,   0x00,   0x00,   0x00,   0x00,
  0x00,   0x00,   0x00,   0x00,   0x00,   0x00,   0x00,   0x00,   0x00,   0x00,   0x00,   0x00,
  0x00,   0x00,   0x00,   0x00,   0x00,   0x00,   0x00,   0x00,   0x00,   0x00,   0x00,   0x00,
  0x00,   0x00,   0x00,   0x00,   0x00,   0x00,   0x00,   0x00,   0x00,   0x00,   0x00,   0x00,
  0x00,   0x00,   0x00,   0x00,   0x00,   0x00,   0x00,   0x00,   0x00,   0x00,   0x00,   0x00,
  0x00,   0x00,   0x00,   0x00,   0x00,   0x00,   0x00,   0x00,   0x00,   0x00,   0x00,   0x00,
  0x00,   0x00,   0x00,   0x00,   0x00,   0x00,   0x00,   0x00,   0x00,   0x00,   0x00,   0x00,
  0x00,   0x00,   0x00,   0x00,   0x00,   0x00,   0x00,   0x00,   0x00,   0x00,   0x00,   0x00,
  0x00,   0x00,   0x00,   0x00,   0x00,   0x00,   0x00,   0x00,   0x00,   0x00,   0x00,   0x00,
  0x00,   0x00,   0x00,   0x00,   0x00,   0x00,   0x00,   0x00,   0x00,   0x00,   0x00,   0x00,
  0x00,   0x00,   0x00,   0x00,   0x00,   0x00,   0x00,   0x00,   0x20,   0x00,   0x00,   0x00,
  0x2c,   0xbc,   0xe3,   0x3b,   0xa4,   0x38,   0x9c,   0x3b,   0x80,   0xfe,   0xac,   0x3b,
  0x81,   0x10,   0x91,   0x3b,   0xc4,   0x01,   0xb2,   0x3b,   0xf5,   0xfa,   0xa3,   0x3b,
  0x60,   0x1a,   0xdb,   0x3b,   0x46,   0x51,   0xcc,   0x3b,   0x90,   0x67,   0x8d,   0x3b,
  0x8a,   0x84,   0xd6,   0x3b,   0xcb,   0x1c,   0xcc,   0x3b,   0xfc,   0x1f,   0xbf,   0x3b,
  0x44,   0xef,   0xa3,   0x3b,   0x00,   0xa7,   0xb2,   0x3b,   0x64,   0x7d,   0xcd,   0x3b,
  0x5f,   0x20,   0xc3,   0x3b,   0x23,   0xd5,   0x8b,   0x3b,   0xea,   0x90,   0xa7,   0x3b,
  0xd1,   0x95,   0xe6,   0x3b,   0x98,   0x3b,   0x8b,   0x3b,   0x3a,   0x89,   0xd0,   0x3b,
  0xd8,   0xda,   0xdd,   0x3b,   0x86,   0x75,   0xc8,   0x3b,   0x9d,   0x63,   0xc0,   0x3b,
  0x96,   0x14,   0xae,   0x3b,   0xc1,   0xd4,   0x50,   0x3b,   0x16,   0xa3,   0xcf,   0x3b,
  0x05,   0xa5,   0x93,   0x3b,   0x38,   0x68,   0x06,   0x3c,   0x82,   0xe2,   0x8f,   0x3b,
  0x91,   0x19,   0x65,   0x3b,   0xa8,   0x82,   0x7c,   0x3b,   0x12,   0x00,   0x00,   0x00,
  0x74,   0x66,   0x6c,   0x2e,   0x70,   0x73,   0x65,   0x75,   0x64,   0x6f,   0x5f,   0x71,
  0x63,   0x6f,   0x6e,   0x73,   0x74,   0x33,   0x00,   0x00,   0x04,   0x00,   0x00,   0x00,
  0x20,   0x00,   0x00,   0x00,   0x01,   0x00,   0x00,   0x00,   0x01,   0x00,   0x00,   0x00,
  0x20,   0x00,   0x00,   0x00,   0x72,   0xfd,   0xff,   0xff,   0x00,   0x00,   0x00,   0x01,
  0x14,   0x00,   0x00,   0x00,   0xa4,   0x01,   0x00,   0x00,   0x05,   0x00,   0x00,   0x00,
  0x00,   0x00,   0x00,   0x02,   0xb0,   0x01,   0x00,   0x00,   0xec,   0xfc,   0xff,   0xff,
  0x08,   0x00,   0x00,   0x00,   0x08,   0x01,   0x00,   0x00,   0x20,   0x00,   0x00,   0x00,
  0x00,   0x00,   0x00,   0x00,   0x00,   0x00,   0x00,   0x00,   0x00,   0x00,   0x00,   0x00,
  0x00,   0x00,   0x00,   0x00,   0x00,   0x00,   0x00,   0x00,   0x00,   0x00,   0x00,   0x00,
  0x00,   0x00,   0x00,   0x00,   0x00,   0x00,   0x00,   0x00,   0x00,   0x00,   0x00,   0x00,
  0x00,   0x00,   0x00,   0x00,   0x00,   0x00,   0x00,   0x00,   0x00,   0x00,   0x00,   0x00,
  0x00,   0x00,   0x00,   0x00,   0x00,   0x00,   0x00,   0x00,   0x00,   0x00,   0x00,   0x00,
  0x00,   0x00,   0x00,   0x00,   0x00,   0x00,   0x00,   0x00,   0x00,   0x00,   0x00,   0x00,
  0x00,   0x00,   0x00,   0x00,   0x00,   0x00,   0x00,   0x00,   0x00,   0x00,   0x00,   0x00,
  0x00,   0x00,   0x00,   0x00,   0x00,   0x00,   0x00,   0x00,   0x00,   0x00,   0x00,   0x00,
  0x00,   0x00,   0x00,   0x00,   0x00,   0x00,   0x00,   0x00,   0x00,   0x00,   0x00,   0x00,
  0x00,   0x00,   0x00,   0x00,   0x00,   0x00,   0x00,   0x00,   0x00,   0x00,   0x00,   0x00,
  0x00,   0x00,   0x00,   0x00,   0x00,   0x00,   0x00,   0x00,   0x00,   0x00,   0x00,   0x00,
  0x00,   0x00,   0x00,   0x00,   0x00,   0x00,   0x00,   0x00,   0x00,   0x00,   0x00,   0x00,
  0x00,   0x00,   0x00,   0x00,   0x00,   0x00,   0x00,   0x00,   0x00,   0x00,   0x00,   0x00,
  0x00,   0x00,   0x00,   0x00,   0x00,   0x00,   0x00,   0x00,   0x00,   0x00,   0x00,   0x00,
  0x00,   0x00,   0x00,   0x00,   0x00,   0x00,   0x00,   0x00,   0x00,   0x00,   0x00,   0x00,
  0x00,   0x00,   0x00,   0x00,   0x00,   0x00,   0x00,   0x00,   0x00,   0x00,   0x00,   0x00,
  0x00,   0x00,   0x00,   0x00,   0x00,   0x00,   0x00,   0x00,   0x00,   0x00,   0x00,   0x00,
  0x00,   0x00,   0x00,   0x00,   0x00,   0x00,   0x00,   0x00,   0x00,   0x00,   0x00,   0x00,
  0x00,   0x00,   0x00,   0x00,   0x00,   0x00,   0x00,   0x00,   0x00,   0x00,   0x00,   0x00,
  0x00,   0x00,   0x00,   0x00,   0x00,   0x00,   0x00,   0x00,   0x00,   0x00,   0x00,   0x00,
  0x00,   0x00,   0x00,   0x00,   0x00,   0x00,   0x00,   0x00,   0x00,   0x00,   0x00,   0x00,
  0x00,   0x00,   0x00,   0x00,   0x20,   0x00,   0x00,   0x00,   0x30,   0xcf,   0xf2,   0x39,
  0xd7,   0x8f,   0xa6,   0x39,   0xeb,   0x71,   0xb8,   0x39,   0xa6,   0xaa,   0x9a,   0x39,
  0x20,   0xca,   0xbd,   0x39,   0xa2,   0xd5,   0xae,   0x39,   0x1e,   0x9b,   0xe9,   0x39,
  0x79,   0xd7,   0xd9,   0x39,   0xb0,   0xc3,   0x96,   0x39,   0x95,   0xb7,   0xe4,   0x39,
  0x85,   0x9f,   0xd9,   0x39,   0xa2,   0xc6,   0xcb,   0x39,   0x2b,   0xc9,   0xae,   0x39,
  0x4c,   0x7a,   0xbe,   0x39,   0x74,   0x17,   0xdb,   0x39,   0xd3,   0x0a,   0xd0,   0x39,
  0xa0,   0x16,   0x95,   0x39,   0x5a,   0xa8,   0xb2,   0x39,   0x20,   0xd9,   0xf5,   0x39,
  0xeb,   0x72,   0x94,   0x39,   0xe9,   0x56,   0xde,   0x39,   0x37,   0x8a,   0xec,   0x39,
  0x57,   0xba,   0xd5,   0x39,   0xaf,   0x1f,   0xcd,   0x39,   0x69,   0x9a,   0xb9,   0x39,
  0x70,   0xa7,   0x5e,   0x39,   0x89,   0x61,   0xdd,   0x39,   0xe3,   0x6a,   0x9d,   0x39,
  0xc6,   0x4d,   0x0f,   0x3a,   0xaa,   0x68,   0x99,   0x39,   0xb5,   0x43,   0x74,   0x39,
  0xbf,   0x9c,   0x86,   0x39,   0x12,   0x00,   0x00,   0x00,   0x74,   0x66,   0x6c,   0x2e,
  0x70,   0x73,   0x65,   0x75,   0x64,   0x6f,   0x5f,   0x71,   0x63,   0x6f,   0x6e,   0x73,
  0x74,   0x32,   0x00,   0x00,   0x01,   0x00,   0x00,   0x00,   0x20,   0x00,   0x00,   0x00,
  0x42,   0xff,   0xff,   0xff,   0x00,   0x00,   0x00,   0x01,   0x14,   0x00,   0x00,   0x00,
  0x30,   0x00,   0x00,   0x00,   0x04,   0x00,   0x00,   0x00,   0x00,   0x00,   0x00,   0x09,
  0x3c,   0x00,   0x00,   0x00,   0xbc,   0xfe,   0xff,   0xff,   0x08,   0x00,   0x00,   0x00,
  0x10,   0x00,   0x00,   0x00,   0x01,   0x00,   0x00,   0x00,   0x00,   0x00,   0x00,   0x00,
  0x00,   0x00,   0x00,   0x00,   0x01,   0x00,   0x00,   0x00,   0x85,   0x86,   0xb0,   0x3b,
  0x12,   0x00,   0x00,   0x00,   0x74,   0x66,   0x6c,   0x2e,   0x70,   0x73,   0x65,   0x75,
  0x64,   0x6f,   0x5f,   0x71,   0x63,   0x6f,   0x6e,   0x73,   0x74,   0x31,   0x00,   0x00,
  0x02,   0x00,   0x00,   0x00,   0x04,   0x00,   0x00,   0x00,   0x20,   0x00,   0x00,   0x00,
  0xa2,   0xff,   0xff,   0xff,   0x00,   0x00,   0x00,   0x01,   0x14,   0x00,   0x00,   0x00,
  0x30,   0x00,   0x00,   0x00,   0x03,   0x00,   0x00,   0x00,   0x00,   0x00,   0x00,   0x02,
  0x3c,   0x00,   0x00,   0x00,   0x1c,   0xff,   0xff,   0xff,   0x08,   0x00,   0x00,   0x00,
  0x10,   0x00,   0x00,   0x00,   0x01,   0x00,   0x00,   0x00,   0x00,   0x00,   0x00,   0x00,
  0x00,   0x00,   0x00,   0x00,   0x01,   0x00,   0x00,   0x00,   0x2b,   0x47,   0x36,   0x38,
  0x11,   0x00,   0x00,   0x00,   0x74,   0x66,   0x6c,   0x2e,   0x70,   0x73,   0x65,   0x75,
  0x64,   0x6f,   0x5f,   0x71,   0x63,   0x6f,   0x6e,   0x73,   0x74,   0x00,   0x00,   0x00,
  0x01,   0x00,   0x00,   0x00,   0x04,   0x00,   0x00,   0x00,   0x00,   0x00,   0x16,   0x00,
  0x1c,   0x00,   0x18,   0x00,   0x17,   0x00,   0x10,   0x00,   0x0c,   0x00,   0x08,   0x00,
  0x00,   0x00,   0x00,   0x00,   0x00,   0x00,   0x07,   0x00,   0x16,   0x00,   0x00,   0x00,
  0x00,   0x00,   0x00,   0x01,   0x18,   0x00,   0x00,   0x00,   0x18,   0x00,   0x00,   0x00,
  0x02,   0x00,   0x00,   0x00,   0x00,   0x00,   0x00,   0x02,   0x20,   0x00,   0x00,   0x00,
  0x04,   0x00,   0x04,   0x00,   0x04,   0x00,   0x00,   0x00,   0x0e,   0x00,   0x00,   0x00,
  0x61,   0x72,   0x69,   0x74,   0x68,   0x2e,   0x63,   0x6f,   0x6e,   0x73,   0x74,   0x61,
  0x6e,   0x74,   0x00,   0x00,   0x01,   0x00,   0x00,   0x00,   0x02,   0x00,   0x00,   0x00,
  0x00,   0x00,   0x16,   0x00,   0x20,   0x00,   0x1c,   0x00,   0x1b,   0x00,   0x14,   0x00,
  0x10,   0x00,   0x0c,   0x00,   0x00,   0x00,   0x00,   0x00,   0x08,   0x00,   0x07,   0x00,
  0x16,   0x00,   0x00,   0x00,   0x00,   0x00,   0x00,   0x01,   0x18,   0x00,   0x00,   0x00,
  0x34,   0x00,   0x00,   0x00,   0x50,   0x00,   0x00,   0x00,   0x01,   0x00,   0x00,   0x00,
  0x00,   0x00,   0x00,   0x09,   0x4c,   0x00,   0x00,   0x00,   0x04,   0x00,   0x00,   0x00,
  0xff,   0xff,   0xff,   0xff,   0x78,   0x00,   0x00,   0x00,   0x3d,   0x00,   0x00,   0x00,
  0x01,   0x00,   0x00,   0x00,   0x0c,   0x00,   0x0c,   0x00,   0x00,   0x00,   0x00,   0x00,
  0x08,   0x00,   0x04,   0x00,   0x0c,   0x00,   0x00,   0x00,   0x08,   0x00,   0x00,   0x00,
  0x10,   0x00,   0x00,   0x00,   0x01,   0x00,   0x00,   0x00,   0xfc,   0xff,   0xff,   0xff,
  0xff,   0xff,   0xff,   0xff,   0x01,   0x00,   0x00,   0x00,   0x14,   0x14,   0x94,   0x3d,
  0x01,   0x00,   0x00,   0x00,   0x78,   0x00,   0x00,   0x00,   0x04,   0x00,   0x00,   0x00,
  0x01,   0x00,   0x00,   0x00,   0x78,   0x00,   0x00,   0x00,   0x3d,   0x00,   0x00,   0x00,
  0x01,   0x00,   0x00,   0x00,   0x05,   0x00,   0x00,   0x00,   0x60,   0x00,   0x00,   0x00,
  0x40,   0x00,   0x00,   0x00,   0x2c,   0x00,   0x00,   0x00,   0x18,   0x00,   0x00,   0x00,
  0x04,   0x00,   0x00,   0x00,   0xc0,   0xff,   0xff,   0xff,   0x19,   0x00,   0x00,   0x00,
  0x02,   0x00,   0x00,   0x00,   0x00,   0x00,   0x00,   0x19,   0xd0,   0xff,   0xff,   0xff,
  0x09,   0x00,   0x00,   0x00,   0x04,   0x00,   0x00,   0x00,   0x00,   0x00,   0x00,   0x09,
  0xe0,   0xff,   0xff,   0xff,   0x28,   0x00,   0x00,   0x00,   0x02,   0x00,   0x00,   0x00,
  0x00,   0x00,   0x00,   0x28,   0xf0,   0xff,   0xff,   0xff,   0x04,   0x00,   0x00,   0x00,
  0x03,   0x00,   0x00,   0x00,   0x00,   0x00,   0x00,   0x04,   0x0c,   0x00,   0x10,   0x00,
  0x0f,   0x00,   0x00,   0x00,   0x08,   0x00,   0x04,   0x00,   0x0c,   0x00,   0x00,   0x00,
  0x03,   0x00,   0x00,   0x00,   0x03,   0x00,   0x00,   0x00,   0x00,   0x00,   0x00,   0x03
};
const unsigned int g_model_data_len = 16128u;
